定日镜序号,吸收塔x坐标(m),吸收塔y坐标(m),定日镜宽度(m),定日镜高度(m),定日镜x坐标(m),定日镜y坐标(m),定日镜z坐标(m),镜面面积(m2)
1,50.0,-10.0,6.02227796416709,5.118936269542027,-311.861,128.066,4.0,30.827657096038635
2,50.0,-10.0,6.027326463305482,5.12322749380966,-317.726,112.73,4.0,30.879364650973187
3,50.0,-10.0,6.015771536488592,5.113405806015304,-305.256,143.098,4.0,30.76108110234237
4,50.0,-10.0,6.030924065120779,5.126285455352662,-322.838,97.127,4.0,30.916238317364996
5,50.0,-10.0,6.007806687826036,5.10663568465213,-297.926,157.79,4.0,30.679680018544154
6,50.0,-10.0,6.033052861994995,5.1280949326957455,-327.184,81.294,4.0,30.9380678102821
7,50.0,-10.0,5.99844029635894,5.0986742519050985,-289.891,172.109,4.0,30.584093090635314
8,50.0,-10.0,6.033711489087362,5.128654765724257,-330.754,65.268,4.0,30.944823183513105
9,50.0,-10.0,5.987636395396407,5.089490936086946,-281.167,186.019,4.0,30.47402116295433
10,50.0,-10.0,6.032891851089989,5.12795807342649,-333.539,49.087,4.0,30.93641647390579
11,50.0,-10.0,5.975439257959112,5.079123369265245,-271.777,199.487,4.0,30.3499931767251
12,50.0,-10.0,6.030617209921171,5.126024628432995,-335.534,32.789,4.0,30.91309234270779
13,50.0,-10.0,5.961867671920672,5.0675875211325705,-261.742,212.483,4.0,30.212286216868886
14,50.0,-10.0,6.026861937355695,5.12283264675234,-336.732,16.414,4.0,30.874605090154812
15,50.0,-10.0,5.946948654141351,5.054906356020148,-251.087,224.975,4.0,30.061268550744582
16,50.0,-10.0,6.021655867270073,5.118407487179562,-337.132,0.0,4.0,30.82128847625388
17,50.0,-10.0,5.930677800049821,5.041076130042348,-239.835,236.933,4.0,29.896998292803218
18,50.0,-10.0,6.014992587909979,5.112743699723482,-336.732,-16.414,4.0,30.753115457720185
19,50.0,-10.0,5.913109978471743,5.026143481700982,-228.015,248.329,4.0,29.720139174876785
20,50.0,-10.0,6.006897217507653,5.105862634881505,-335.534,-32.789,4.0,30.670392054446005
21,50.0,-10.0,5.894263112610857,5.010123645719228,-215.654,259.136,4.0,29.530986994582275
22,50.0,-10.0,5.997357852286617,5.097754174443625,-333.539,-49.087,4.0,30.573056027126356
23,50.0,-10.0,5.874171284397957,4.993045591738263,-202.782,269.328,4.0,29.330005036678713
24,50.0,-10.0,5.986419908124505,5.088456921905829,-330.754,-65.268,4.0,30.461639818930994
25,50.0,-10.0,5.836798908607433,4.961279072316318,-302.931,113.929,4.0,28.95798827459278
26,50.0,-10.0,5.831318094677478,4.956620380475856,-297.121,128.322,4.0,28.903630113116026
27,50.0,-10.0,5.840883294235429,4.964750800100115,-308.045,99.274,4.0,28.998530008346737
28,50.0,-10.0,5.824431784192804,4.950767016563883,-290.627,142.42,4.0,28.835404767408058
29,50.0,-10.0,5.843563302113554,4.967028806796521,-312.451,84.391,4.0,29.025147255937025
30,50.0,-10.0,5.852855211370288,4.974926929664745,-189.428,278.881,4.0,29.117527006474692
31,50.0,-10.0,5.81614816292789,4.943725938488706,-283.464,156.19,4.0,28.753442535160048
32,50.0,-10.0,5.844805385202392,4.968084577422033,-316.137,69.313,4.0,29.03748749225725
33,50.0,-10.0,5.806502720002746,4.935527312002335,-275.65,169.601,4.0,28.6581527617894
34,50.0,-10.0,5.974078380637186,5.0779666235416085,-327.184,-81.294,4.0,30.336170623297132
35,50.0,-10.0,5.844646081506358,4.967949169280404,-319.097,54.076,4.0,29.03590464535748
36,50.0,-10.0,5.795484868600813,4.926162138310691,-267.201,182.622,4.0,28.54949813285383
37,50.0,-10.0,5.843068626728435,4.9666083327191695,-321.323,38.715,4.0,29.0202333301594
38,50.0,-10.0,5.830390387207441,4.955831829126325,-175.626,287.774,4.0,28.894434257154792
39,50.0,-10.0,5.783130263413027,4.915660723901073,-258.138,195.223,4.0,28.427906297063085
40,50.0,-10.0,5.84007593835242,4.964064547599557,-322.81,23.265,4.0,28.99051392086447
41,50.0,-10.0,5.960360111140669,5.066306094469568,-322.838,-97.127,4.0,30.197008756305284
42,50.0,-10.0,5.769447591886003,4.904030453103102,-248.481,207.375,4.0,28.293546688191316
43,50.0,-10.0,5.835663915040001,4.960314327784001,-323.554,7.761,4.0,28.946727329905
44,50.0,-10.0,5.806759669170454,4.935745718794886,-161.406,295.983,4.0,28.660689177178874
45,50.0,-10.0,5.754466424739228,4.891296461028343,-238.253,219.05,4.0,28.146801258433406
46,50.0,-10.0,5.829849939649511,4.955372448702085,-323.554,-7.761,4.0,28.8890777710067
47,50.0,-10.0,5.945284776258044,5.053492059819337,-317.726,-112.73,4.0,30.04444941018481
48,50.0,-10.0,5.738202449935191,4.877472082444912,-227.477,230.221,4.0,27.987922252975892
49,50.0,-10.0,5.822642840526241,4.9492464144473045,-322.81,-23.265,4.0,28.817694201081764
50,50.0,-10.0,5.782050811542859,4.914743189811429,-146.804,303.491,4.0,28.417294849173913
51,50.0,-10.0,5.720669870349777,4.862569389797311,-216.177,240.862,4.0,27.817154200698575
52,50.0,-10.0,5.928889272699518,5.03955588179459,-311.861,-128.066,4.0,29.878968806741707
53,50.0,-10.0,5.8140428675437645,4.9419364374122,-321.323,-38.715,4.0,28.732630295791044
54,50.0,-10.0,5.701921307938804,4.846633111747983,-204.38,250.95,4.0,27.635120611637575
55,50.0,-10.0,5.75627573172731,4.892834371968213,-131.854,310.278,4.0,28.16450375472186
56,50.0,-10.0,5.804071164027256,4.933460489423168,-319.097,-54.076,4.0,28.634155765528803
57,50.0,-10.0,5.911185650628303,5.024507803034058,-305.256,-143.098,4.0,29.700798426764862
58,50.0,-10.0,5.681976870944613,4.829680340302921,-192.114,260.46,4.0,27.442131987657103
59,50.0,-10.0,5.79274201252556,4.923830710646726,-316.137,-69.313,4.0,28.52248102012687
60,50.0,-10.0,5.645648450352838,4.798801182799912,-287.753,115.752,4.0,27.09234446122569
61,50.0,-10.0,5.650906584402051,4.8032705967417435,-293.644,99.865,4.0,27.14283344179269
62,50.0,-10.0,5.729501994879815,4.8700766956478425,-116.591,316.33,4.0,27.90311414293201
63,50.0,-10.0,5.638561602996237,4.7927773625468015,-281.002,131.293,4.0,27.02437040816597
64,50.0,-10.0,5.654366960436885,4.806211916371352,-298.66,83.681,4.0,27.17608586478822
65,50.0,-10.0,5.629691306663661,4.785237610664112,-273.413,146.443,4.0,26.939410577075737
66,50.0,-10.0,5.660866744754697,4.811736733041493,-179.405,269.372,4.0,27.2386004565892
67,50.0,-10.0,5.6559870503900616,4.807588992831552,-302.784,67.246,4.0,27.191661087053056
68,50.0,-10.0,5.619035616674183,4.776180274173056,-265.008,161.155,4.0,26.837527072235066
69,50.0,-10.0,5.655774728174902,4.807408518948667,-306.004,50.611,4.0,27.1896196094826
70,50.0,-10.0,5.892192321986797,5.008363473688777,-297.926,-157.79,4.0,29.510240805388136
71,50.0,-10.0,5.780089831583233,4.913076356845748,-312.451,-84.391,4.0,28.3980226919961
72,50.0,-10.0,5.606619006339509,4.765626155388582,-255.812,175.386,4.0,26.719050179910305
73,50.0,-10.0,5.653750242535142,4.80568770615487,-308.312,33.825,4.0,27.17015803422125
74,50.0,-10.0,5.638614786238376,4.792822568302619,-166.284,277.663,4.0,27.024880201448138
75,50.0,-10.0,5.5924757400732545,4.753604379062266,-245.853,189.094,4.0,26.58441716781171
76,50.0,-10.0,5.701756839888785,4.846493313905467,-101.051,321.631,4.0,27.63352640203576
77,50.0,-10.0,5.649888036701408,4.802404831196196,-309.699,16.938,4.0,27.133049603172434
78,50.0,-10.0,5.76609616091261,4.901181736775718,-308.045,-99.274,4.0,28.260685196357464
79,50.0,-10.0,5.57661353626138,4.740121505822173,-235.159,202.238,4.0,26.433825752891607
80,50.0,-10.0,5.871984737587165,4.99118702694909,-289.891,-172.109,4.0,29.308174044688116
81,50.0,-10.0,5.644197200795782,4.797567620676414,-310.161,0.0,4.0,27.078417735250298
82,50.0,-10.0,5.615281083074407,4.772988920613246,-152.78,285.317,4.0,26.801674395643293
83,50.0,-10.0,5.5590813552592575,4.725219151970369,-223.764,214.778,4.0,26.26787768723244
84,50.0,-10.0,5.673117527247324,4.822149898160226,-85.272,326.17,4.0,27.356623106266678
85,50.0,-10.0,5.636722670866444,4.791214270236477,-309.699,-16.938,4.0,27.006746098020773
86,50.0,-10.0,5.750811533068552,4.8881898031082684,-302.931,-113.929,4.0,28.111058295543124
87,50.0,-10.0,5.539916200713126,4.708928770606157,-211.702,226.677,4.0,26.087070784285192
88,50.0,-10.0,5.5908734602696555,4.752242441229207,-138.925,292.313,4.0,26.569186141435452
89,50.0,-10.0,5.8505463495716326,4.972964397135888,-281.167,-186.019,4.0,29.094558700213064
90,50.0,-10.0,5.627445028433827,4.783328274168753,-308.312,-33.825,4.0,26.917916915837903
91,50.0,-10.0,5.734261828900042,4.8741225545650355,-297.121,-128.322,4.0,27.949494914023045
92,50.0,-10.0,5.519140537289416,4.691269456696003,-199.007,237.9,4.0,25.891775429798603
93,50.0,-10.0,5.643613588658433,4.797071550359668,-69.29,329.935,4.0,27.0728181873766
94,50.0,-10.0,5.61637995590964,4.773922962523193,-306.004,-50.611,4.0,26.812165237772028
95,50.0,-10.0,5.565462274413532,4.730642933251502,-124.75,298.638,4.0,26.32821477873221
96,50.0,-10.0,5.496803131245936,4.672282661559045,-185.719,248.412,4.0,25.682617964123853
97,50.0,-10.0,5.827941194773331,4.953750015557331,-271.777,-199.487,4.0,28.870163784275597
98,50.0,-10.0,5.716455283463738,4.858986990944177,-290.627,-142.42,4.0,27.77618185666441
99,50.0,-10.0,5.603578360904524,4.763041606768845,-302.784,-67.246,4.0,26.690076879777816
100,50.0,-10.0,5.613305068565047,4.77130930828029,-53.144,332.917,4.0,26.782814723861343
101,50.0,-10.0,5.460324505311554,4.641275829514821,-278.784,101.469,4.0,25.342872147809988
102,50.0,-10.0,5.539077123868385,4.708215555288127,-110.288,304.276,4.0,26.079169076537745
103,50.0,-10.0,5.453947137446802,4.635855066829781,-272.413,117.507,4.0,25.283708471354537
104,50.0,-10.0,5.464673801412383,4.644972731200525,-284.213,85.088,4.0,25.383260792466434
105,50.0,-10.0,5.445536606360951,4.628706115406809,-265.12,133.148,4.0,25.205788591534574
106,50.0,-10.0,5.472957723751767,4.652014065189002,-171.876,258.184,4.0,25.460276309078004
107,50.0,-10.0,5.466945465272854,4.646903645481926,-288.679,68.418,4.0,25.404368812227307
108,50.0,-10.0,5.435096826730566,4.619832302720981,-256.929,148.338,4.0,25.10923588854617
109,50.0,-10.0,5.467169332024518,4.64709393222084,-292.169,51.517,4.0,25.406449429275003
110,50.0,-10.0,5.422668536821911,4.609268256298624,-247.869,163.026,4.0,24.99453395120254
111,50.0,-10.0,5.589044631064749,4.750687936405037,-298.66,-83.681,4.0,26.551806904828645
112,50.0,-10.0,5.697418175666579,4.842805449316592,-283.464,-156.19,4.0,27.591487788153504
113,50.0,-10.0,5.804205819449113,4.9335749465317456,-261.742,-212.483,4.0,28.635484415347904
114,50.0,-10.0,5.465327332435507,4.6455282325701805,-294.67,34.442,4.0,25.38933242306662
115,50.0,-10.0,5.408287422810746,4.597044309389134,-237.971,177.163,4.0,24.862136920572965
116,50.0,-10.0,5.511767392751819,4.685002283839046,-95.573,309.214,4.0,25.82264282303186
117,50.0,-10.0,5.447630552153909,4.630485969330822,-157.52,267.184,4.0,25.225176837846593
118,50.0,-10.0,5.461428200857851,4.642213970729173,-296.174,17.25,4.0,25.35311829415661
119,50.0,-10.0,5.5822660230947125,4.744926119630506,-36.873,335.11,4.0,26.48743985970801
120,50.0,-10.0,5.391958466080857,4.583164696168729,-227.267,190.7,4.0,24.71223368494988
121,50.0,-10.0,5.5727975752443415,4.73687793895769,-293.644,-99.865,4.0,26.39766189245183
122,50.0,-10.0,5.4554827565645825,4.637160343079895,-296.676,0.0,4.0,25.29794829109747
123,50.0,-10.0,5.677203830199847,4.8256232556698695,-275.65,-169.601,4.0,27.39604683019044
124,50.0,-10.0,5.37373298461487,4.567673036922639,-215.794,203.592,4.0,24.545455261447163
125,50.0,-10.0,5.420907433593804,4.607771318554733,-142.694,275.388,4.0,24.978301793053678
126,50.0,-10.0,5.779387599902521,4.912479459917143,-251.087,-224.975,4.0,28.39112287542097
127,50.0,-10.0,5.483566856942168,4.6610318284008425,-80.638,313.44,4.0,25.559079653371413
128,50.0,-10.0,5.44749875215002,4.630373939327517,-296.174,-17.25,4.0,25.22395625647462
129,50.0,-10.0,5.550523215451878,4.717944733134096,-20.513,336.507,4.0,26.187061770479712
130,50.0,-10.0,5.5549038945824165,4.721668310395054,-287.753,-115.752,4.0,26.228413686339863
131,50.0,-10.0,5.353651149211521,4.550603476829792,-203.592,215.794,4.0,24.36234353333576
132,50.0,-10.0,5.655819077049731,4.807446215492272,-267.201,-182.622,4.0,27.190046017471722
133,50.0,-10.0,5.43749778002471,4.621873113021003,-294.67,-34.442,4.0,25.1314247916076
134,50.0,-10.0,5.392821955754251,4.583898662391114,-127.443,282.769,4.0,24.720149349495344
135,50.0,-10.0,5.454546465343595,4.636364495542056,-65.517,316.946,4.0,25.28926557120346
136,50.0,-10.0,5.331753943374909,4.531990851868672,-190.7,227.267,4.0,24.163460095789805
137,50.0,-10.0,5.753500857469998,4.890475728849498,-239.835,-236.933,4.0,28.137356299371802
138,50.0,-10.0,5.535358741488606,4.705054930265315,-281.002,-131.293,4.0,26.044166937428177
139,50.0,-10.0,5.425499355154862,4.611674451881632,-292.169,-51.517,4.0,25.020636764867948
140,50.0,-10.0,5.518178688590321,4.690451885301773,-4.105,337.107,4.0,25.882751633330532
141,50.0,-10.0,5.308094996955775,4.511880747412409,-177.163,237.971,4.0,23.949491622200892
142,50.0,-10.0,5.633318091230476,4.7883203775459044,-258.138,-195.223,4.0,26.974131809436884
143,50.0,-10.0,5.363446869035069,4.558929838679809,-111.811,289.307,4.0,24.451577969417777
144,50.0,-10.0,5.424752571896304,4.611039686111859,-50.246,319.723,4.0,25.013749396351233
145,50.0,-10.0,5.411523775472798,4.599795209151878,-288.679,-68.418,4.0,24.89190113663126
146,50.0,-10.0,5.2678755126455545,4.477694185748721,-262.43,106.431,4.0,23.587935554221062
147,50.0,-10.0,5.273535230516616,4.482504945939124,-268.274,90.698,4.0,23.63864775337495
148,50.0,-10.0,5.5142325464235,4.687097664459975,-273.413,-146.443,4.0,25.845746489630766
149,50.0,-10.0,5.260115054490823,4.4710977963172,-255.664,121.791,4.0,23.518488828508847
150,50.0,-10.0,5.27707927965691,4.485517387708373,-273.176,74.645,4.0,23.670430865216645
151,50.0,-10.0,5.726620551916827,4.867627469129303,-228.015,-248.329,4.0,27.875055503790758
152,50.0,-10.0,5.282712202992194,4.490305372543364,-163.026,247.869,4.0,23.72099098669624
153,50.0,-10.0,5.2502627534005,4.462723340390426,-248.0,136.722,4.0,23.430470132782915
154,50.0,-10.0,5.27849987186705,4.486724891086992,-277.118,58.331,4.0,23.68317676270539
155,50.0,-10.0,5.238355389811781,4.4526020813400145,-239.465,151.174,4.0,23.32431211147462
156,50.0,-10.0,5.4852734024953,4.662482392121005,12.313,336.907,4.0,25.574990655104006
157,50.0,-10.0,5.2778001815969,4.486130154357365,-280.087,41.812,4.0,23.676898543334634
158,50.0,-10.0,5.332831940778798,4.532907149661978,-95.845,294.981,4.0,24.17323203230197
159,50.0,-10.0,5.60972737833667,4.7682682715861695,-248.481,-207.375,4.0,26.748685070371007
160,50.0,-10.0,5.3956189667391214,4.586276121728253,-284.213,-85.088,4.0,24.7457984290997
161,50.0,-10.0,5.224404861641334,4.4407441323951335,-230.089,165.094,4.0,23.200245234590366
162,50.0,-10.0,5.274974083564528,4.4837279710298485,-282.072,25.146,4.0,23.651548844935817
163,50.0,-10.0,5.394226393182951,4.585092434205508,-34.859,321.764,4.0,24.733026623774816
164,50.0,-10.0,5.255690544254418,4.467336962616256,-148.338,256.929,4.0,23.478940632420507
165,50.0,-10.0,5.491550196148864,4.667817666726535,-265.008,-161.155,4.0,25.633555023299238
166,50.0,-10.0,5.208444424579296,4.427177760892402,-219.904,178.435,4.0,23.058709325341482
167,50.0,-10.0,5.270041847991086,4.479535570792423,-283.067,8.392,4.0,23.607339917640708
168,50.0,-10.0,5.69878374375223,4.843966182189395,-215.654,-259.136,4.0,27.604715734346478
169,50.0,-10.0,5.377785819491284,4.5711179465675915,-278.784,-101.469,4.0,24.58249327227331
170,50.0,-10.0,5.3010594199290875,4.505900506939724,-79.593,299.775,4.0,23.886046327576075
171,50.0,-10.0,5.190526923282337,4.411947884789987,-208.948,191.149,4.0,22.900334280120983
172,50.0,-10.0,5.262992342046896,4.4735434907398615,-283.067,-8.392,4.0,23.54422513357763
173,50.0,-10.0,5.451883593568585,4.634101054533297,28.701,335.908,4.0,25.264579510148963
174,50.0,-10.0,5.585094996463357,4.747330746993853,-238.253,-219.05,4.0,26.51429320159202
175,50.0,-10.0,5.227083751520389,4.443021188792331,-133.148,265.12,4.0,23.2240438635972
176,50.0,-10.0,5.363036699653279,4.558581194705287,-19.392,323.065,4.0,24.44783824555374
177,50.0,-10.0,5.170669882079431,4.395069399767516,-197.257,203.192,4.0,22.72545297502682
178,50.0,-10.0,5.2538412136642565,4.465765031614618,-282.072,-25.146,4.0,23.462420373637542
179,50.0,-10.0,5.467361465377314,4.647257245570716,-255.812,-175.386,4.0,25.408235184128852
180,50.0,-10.0,5.358103396641145,4.554387887144973,-272.413,-117.507,4.0,24.402881207732765
181,50.0,-10.0,5.268194838053784,4.4779656123457166,-63.104,303.674,4.0,23.590795323942057
182,50.0,-10.0,5.14891339549172,4.376576386167962,-184.873,214.52,4.0,22.53461278113296
183,50.0,-10.0,5.670044498539239,4.8195378237583535,-202.782,-269.328,4.0,27.32699392310283
184,50.0,-10.0,5.242629476810313,4.456235055288766,-280.087,-41.812,4.0,23.36238925645232
185,50.0,-10.0,5.196942106784466,4.417400790766796,-117.507,272.413,4.0,22.956976172078956
186,50.0,-10.0,5.5594547862159205,4.725536568283532,-227.477,-230.221,4.0,26.271406891982238
187,50.0,-10.0,5.418072063542429,4.605361254011064,45.022,334.112,4.0,24.952179152878074
188,50.0,-10.0,5.331243365632336,4.531556860787485,-3.881,323.623,4.0,24.158832450058974
189,50.0,-10.0,5.125338717039422,4.356537909483508,-171.84,225.096,4.0,22.32873241972581
190,50.0,-10.0,5.4417266605230825,4.62546766144462,-245.853,-189.094,4.0,25.170530690670546
191,50.0,-10.0,5.336596318410932,4.536106870649292,-265.12,-133.148,4.0,24.20737122582555
192,50.0,-10.0,5.229367776604057,4.444962610113449,-277.118,-58.331,4.0,23.244344241537135
193,50.0,-10.0,5.234320492016925,4.449172418214387,-46.427,306.667,4.0,23.28839436117606
194,50.0,-10.0,5.165353775659889,4.390550709310905,-101.469,278.784,4.0,22.678747683565287
195,50.0,-10.0,5.532839125808584,4.702913256937296,-216.177,-240.862,4.0,26.020462473266548
196,50.0,-10.0,5.099973724716179,4.334977666008752,-158.204,234.88,4.0,22.1082721938761
197,50.0,-10.0,5.083934549979515,4.321344367482588,-254.571,89.078,4.0,21.969431932204106
198,50.0,-10.0,5.078320470926572,4.316572400287586,-249.176,103.212,4.0,21.920937984617098
199,50.0,-10.0,5.640442523392167,4.7943761448833415,-189.428,-278.881,4.0,27.042403080737007
200,50.0,-10.0,5.087671340875578,4.324520639744241,-259.165,74.664,4.0,22.001739721851695
201,50.0,-10.0,5.0708247706180565,4.310201055025348,-242.996,117.021,4.0,21.856274276166616
202,50.0,-10.0,5.298908130994263,4.5040719113451235,11.64,323.437,4.0,23.866663273609547
203,50.0,-10.0,5.21409295400472,4.431979010904011,-273.176,-74.645,4.0,23.10875053305141
204,50.0,-10.0,5.383922918830528,4.576334481005949,61.236,331.524,4.0,24.63863209652234
205,50.0,-10.0,5.089528403157285,4.326099142683692,-262.944,60.015,4.0,22.017804461563028
206,50.0,-10.0,5.061496932822884,4.302272392899451,-236.053,130.462,4.0,21.77593852082914
207,50.0,-10.0,5.089487037667444,4.3260639820173274,-265.895,45.177,4.0,22.017446560597197
208,50.0,-10.0,5.313299418014942,4.516304505312701,-256.929,-148.338,4.0,23.996478099656237
209,50.0,-10.0,5.050314045988216,4.292766939089984,-228.366,143.492,4.0,21.679821168639986
210,50.0,-10.0,5.414679259234202,4.602477370349071,-235.159,-202.238,4.0,24.920938758323885
211,50.0,-10.0,5.08756583752974,4.324430961900279,-268.01,30.197,4.0,22.000827228519732
212,50.0,-10.0,5.037326857258996,4.281727828670147,-219.961,156.071,4.0,21.568462586833377
213,50.0,-10.0,5.132413396210457,4.362551386778889,-85.088,284.213,4.0,22.390417179160476
214,50.0,-10.0,5.072885275671174,4.311952484320498,-144.011,243.84,4.0,21.874040267103194
215,50.0,-10.0,5.199512161503218,4.419585337277735,-29.611,308.745,4.0,22.979687709976886
216,50.0,-10.0,5.083750475844971,4.321187904468225,-269.281,15.123,4.0,21.96784106555587
217,50.0,-10.0,5.196831433811773,4.417306718740007,-268.274,-90.698,4.0,22.955998408736008
218,50.0,-10.0,5.022552264506549,4.269169424830567,-210.864,168.159,4.0,21.442126562244887
219,50.0,-10.0,5.5053188512470825,4.67952102356002,-204.38,-250.95,4.0,25.762255305812022
220,50.0,-10.0,5.266092237084475,4.476178401521803,27.134,322.507,4.0,23.571968332059164
221,50.0,-10.0,5.078072976343284,4.316362029891791,-269.706,0.0,4.0,21.918801380107748
222,50.0,-10.0,5.610073396926636,4.76856238738764,-175.626,-287.774,4.0,26.75198499106837
223,50.0,-10.0,5.006015064134484,4.255112804514312,-201.104,179.717,4.0,21.301158798990176
224,50.0,-10.0,5.349493647214617,4.547069600132424,77.304,328.149,4.0,24.324519939351113
225,50.0,-10.0,5.288284118529081,4.495041500749719,-247.869,-163.026,4.0,23.771056580543863
226,50.0,-10.0,5.044140895013118,4.287519760761151,-129.313,251.943,4.0,21.62685376343218
227,50.0,-10.0,5.38629589224068,4.578351508404578,-223.764,-214.778,4.0,24.6603559229535
228,50.0,-10.0,5.070509368029553,4.30993296282512,-269.281,-15.123,4.0,21.853555463584136
229,50.0,-10.0,5.177624139393273,4.400980518484282,-262.43,-106.431,4.0,22.78662296950374
230,50.0,-10.0,5.098162478383811,4.3334381066262395,-68.418,288.679,4.0,22.09257155760048
231,50.0,-10.0,4.987759273733236,4.23959538267325,-190.711,190.711,4.0,21.14608118680511
232,50.0,-10.0,5.163843082146011,4.3892666198241095,-12.706,309.901,4.0,22.66548407047313
233,50.0,-10.0,5.0611100262338296,4.301943522298755,-268.01,-30.197,4.0,21.772609492997905
234,50.0,-10.0,4.967793560297922,4.222624526253234,-179.717,201.104,4.0,20.977126929076878
235,50.0,-10.0,5.47693372077333,4.65539366265733,-192.114,-260.46,4.0,25.49728253448239
236,50.0,-10.0,5.232873478923853,4.447942457085275,42.565,320.836,4.0,23.275520119460932
237,50.0,-10.0,5.013808973781262,4.261737627714073,-114.161,259.161,4.0,21.367538361734084
238,50.0,-10.0,5.26161667454114,4.472374173359969,-237.971,-177.163,4.0,23.531918525337964
239,50.0,-10.0,5.314889182481387,4.517655805109179,93.189,323.997,4.0,24.010839968749018
240,50.0,-10.0,5.156515212428463,4.3830379305641936,-255.664,-121.791,4.0,22.601201765605232
241,50.0,-10.0,5.5789395992018225,4.742098659321549,-161.406,-295.983,4.0,26.455881993810863
242,50.0,-10.0,5.04986586105514,4.292385981896869,-265.895,-45.177,4.0,21.675973432452643
243,50.0,-10.0,4.9461884602824115,4.20426019124005,-168.159,210.864,4.0,20.795063241936262
244,50.0,-10.0,5.062724946330437,4.303316204380872,-51.517,292.169,4.0,21.78650629986705
245,50.0,-10.0,5.3566400315840585,4.55314402684645,-211.702,-226.677,4.0,24.389553563773536
246,50.0,-10.0,5.1274251348266375,4.358311364602642,4.236,310.133,4.0,22.346915236264167
247,50.0,-10.0,5.036817292018684,4.2812946982158815,-262.944,-60.015,4.0,21.564099168201665
248,50.0,-10.0,4.981966624074172,4.234671630463046,-98.608,265.469,4.0,21.09699272688065
249,50.0,-10.0,4.922970557169226,4.184524973593842,-156.071,219.961,4.0,20.600293240741813
250,50.0,-10.0,5.199293327510217,4.419399328383684,57.898,318.426,4.0,22.977753439668422
251,50.0,-10.0,5.447730987602757,4.630571339462343,-179.405,-269.372,4.0,25.22610697629421
252,50.0,-10.0,5.133546425886031,4.363514462003127,-248.0,-136.722,4.0,22.40030407071816
253,50.0,-10.0,5.233333350908826,4.448333348272501,-227.267,-190.7,4.0,23.279611267474404
254,50.0,-10.0,4.895424825947719,4.161111102055561,-242.093,83.903,4.0,20.37040659252947
255,50.0,-10.0,4.890011918342419,4.156510130591056,-237.056,97.228,4.0,20.32538407730127
256,50.0,-10.0,4.899016642850316,4.1641641464227686,-246.382,70.32,4.0,20.400309456885722
257,50.0,-10.0,4.882772703611529,4.1503567980698,-231.286,110.252,4.0,20.265248883863766
258,50.0,-10.0,5.280148514936679,4.488126237696177,108.853,319.075,4.0,23.69797308881981
259,50.0,-10.0,5.021971088068759,4.268675424858445,-259.165,-74.664,4.0,21.437164567988738
260,50.0,-10.0,4.900759271405457,4.165645380694638,-249.909,56.518,4.0,20.41482522082656
261,50.0,-10.0,5.026176116214085,4.272249698781972,-34.442,294.67,4.0,21.473079398520767
262,50.0,-10.0,4.873735985304194,4.142675587508564,-224.802,122.935,4.0,20.19030708628168
263,50.0,-10.0,5.54714879232594,4.7150764734770485,-146.804,-303.491,4.0,26.15523076557266
264,50.0,-10.0,4.898193898362427,4.163464813608063,-143.492,228.366,4.0,20.393457946061673
265,50.0,-10.0,4.900670540434364,4.1655699593692095,-252.664,42.542,4.0,20.414085983999055
266,50.0,-10.0,5.325760005078971,4.526896004317125,-199.007,-237.9,4.0,24.109161686943946
267,50.0,-10.0,4.862900044920125,4.1334650381821065,-217.622,135.239,4.0,20.100627319851533
268,50.0,-10.0,4.9486795763311875,4.206377639881509,-82.708,270.844,4.0,20.81601511681781
269,50.0,-10.0,4.898742352447283,4.163930999580191,-254.638,28.435,4.0,20.39802514031163
270,50.0,-10.0,5.0903139019894805,4.326766816691058,21.166,309.438,4.0,22.024601277669262
271,50.0,-10.0,4.850294958952379,4.122750715109522,-209.77,147.124,4.0,19.996557010513026
272,50.0,-10.0,5.108784377434344,4.342466720819193,-239.465,-151.174,4.0,22.184726142849637
273,50.0,-10.0,4.894962890062265,4.160718456552925,-255.824,14.239,4.0,20.366562440823714
274,50.0,-10.0,5.00537144046901,4.254565724398659,-254.571,-89.078,4.0,21.295681768503393
275,50.0,-10.0,5.165443671054545,4.390627120396363,73.099,315.284,4.0,22.679537071011836
276,50.0,-10.0,4.835940519371819,4.110549441466047,-201.269,158.555,4.0,19.878372600866854
277,50.0,-10.0,5.417754772100796,4.605091556285677,-166.284,-277.663,4.0,24.949256755027807
278,50.0,-10.0,4.8719185387350255,4.141130757924771,-130.462,236.053,4.0,20.17525171085952
279,50.0,-10.0,5.203516626276047,4.4229891323346395,-215.794,-203.592,4.0,23.015097487941564
280,50.0,-10.0,4.889365329090074,4.1559605297265625,-256.22,0.0,4.0,20.320009323111872
281,50.0,-10.0,4.8198709018480645,4.096890266570854,-192.147,169.495,4.0,19.74648218390942
282,50.0,-10.0,4.988616619402519,4.240324126492141,-17.25,296.174,4.0,21.153351409072165
283,50.0,-10.0,5.245385200738471,4.4585774206277,124.259,313.397,4.0,23.38695601850724
284,50.0,-10.0,4.914051242742486,4.176943556331113,-66.518,275.268,4.0,20.52571467385413
285,50.0,-10.0,4.881947275132192,4.149655183862363,-255.824,-14.239,4.0,20.258397817595036
286,50.0,-10.0,5.514732943060081,4.687523001601069,-131.854,-310.278,4.0,25.85043751828129
287,50.0,-10.0,4.987045949191779,4.238989056813012,-249.176,-103.212,4.0,21.14003320444761
288,50.0,-10.0,5.2937331439036885,4.499673172318135,-185.719,-248.412,4.0,23.820069009034768
289,50.0,-10.0,4.802105833772396,4.081789958706537,-182.43,179.912,4.0,19.60118737293825
290,50.0,-10.0,4.84417084123295,4.117545215048008,-117.021,242.996,4.0,19.946092468193815
291,50.0,-10.0,5.052647059612967,4.294750000671022,38.033,307.821,4.0,21.69985596266323
292,50.0,-10.0,5.082274351751797,4.319933198989028,-230.089,-165.094,4.0,21.95508569850303
293,50.0,-10.0,4.8727339506133545,4.141823858021351,-254.638,-28.435,4.0,20.182005730441023
294,50.0,-10.0,5.131378903880362,4.361672068298308,88.131,311.416,4.0,22.381392036910164
295,50.0,-10.0,4.782685381290828,4.065282574097203,-172.15,189.772,4.0,19.44296753795104
296,50.0,-10.0,5.387082520935272,4.579020142794981,-152.78,-285.317,4.0,24.667559374261376
297,50.0,-10.0,5.1722395265777585,4.396403597591094,-203.592,-215.794,4.0,22.739252462249315
298,50.0,-10.0,4.967016085334699,4.2219636725344944,-242.996,-117.021,4.0,20.970561473177597
299,50.0,-10.0,4.861717707375748,4.132460051269385,-252.664,-42.542,4.0,20.09085420627926
300,50.0,-10.0,4.950153229404224,4.20763024499359,0.0,296.676,4.0,20.828414445393904
301,50.0,-10.0,4.878161188449543,4.146437010182111,-50.094,278.725,4.0,20.226988093421134
302,50.0,-10.0,4.815049076857825,4.0927917153291515,-103.212,249.176,4.0,19.706992970666985
303,50.0,-10.0,5.210660355621524,4.429061302278296,139.37,306.975,4.0,23.078334140398955
304,50.0,-10.0,4.761641179421887,4.047395002508604,-161.337,199.046,4.0,19.27224271333132
305,50.0,-10.0,5.054080108668455,4.295968092368186,-219.904,-178.435,4.0,21.712166883112417
306,50.0,-10.0,5.260638842205218,4.471543015874435,-171.876,-258.184,4.0,23.523172873900513
307,50.0,-10.0,5.481778724550715,4.659511915868108,-116.591,-316.33,4.0,25.542413287196332
308,50.0,-10.0,5.014498528272039,4.262323749031233,54.786,305.285,4.0,21.373416166536078
309,50.0,-10.0,4.848932711938376,4.121592805147619,-249.909,-56.518,4.0,19.985326178170144
310,50.0,-10.0,4.7390276719775635,4.028173521180928,-150.026,207.705,4.0,19.08962578440372
311,50.0,-10.0,5.097202536226716,4.332622155792708,102.96,306.833,4.0,22.084252641018654
312,50.0,-10.0,4.945357614925152,4.203553972686379,-236.053,-130.462,4.0,20.78807764857346
313,50.0,-10.0,4.784583468936903,4.066895948596367,-89.078,254.571,4.0,19.458403125540645
314,50.0,-10.0,5.355742210888223,4.552380879254989,-138.925,-292.313,4.0,24.381378435066388
315,50.0,-10.0,5.1395728984832925,4.368636963710799,-190.7,-227.267,4.0,22.45292814200036
316,50.0,-10.0,4.841108971486113,4.114942625763196,-33.494,281.203,4.0,19.920885662732832
317,50.0,-10.0,4.834410855774863,4.109249227408633,-246.382,-70.32,4.0,19.865799074068764
318,50.0,-10.0,4.705983564439098,4.000086029773233,-228.665,81.442,4.0,18.82433911245528
319,50.0,-10.0,4.699540644886449,3.9946095481534813,-223.159,95.5,4.0,18.77282993199878
320,50.0,-10.0,4.910888056084964,4.174254847672219,17.25,296.174,4.0,20.49929827448826
321,50.0,-10.0,4.710149041862108,4.003626685582792,-233.286,67.068,4.0,18.857678397071354
322,50.0,-10.0,4.690849872204552,3.9872223913738694,-216.79,109.189,4.0,18.703461645027243
323,50.0,-10.0,4.714866721174818,4.007636712998595,-138.251,215.721,4.0,18.895472968675513
324,50.0,-10.0,4.712032021669579,4.005227218419142,-237.004,52.435,4.0,18.872758907253573
325,50.0,-10.0,5.176085433106772,4.399672618140756,154.151,299.826,4.0,22.773081349197103
326,50.0,-10.0,4.679935472737283,3.97794515182669,-209.583,122.456,4.0,18.61652662463702
327,50.0,-10.0,4.711631081930382,4.004886419640825,-239.805,37.599,4.0,18.869547334380595
328,50.0,-10.0,5.024288561269483,4.27064527707906,-208.948,-191.149,4.0,21.456954214867864
329,50.0,-10.0,4.922073325143847,4.18376232637227,-228.366,-143.492,4.0,20.592784945378718
330,50.0,-10.0,4.666787406491762,3.966769295517998,-201.564,135.248,4.0,18.512068992781593
331,50.0,-10.0,5.226532114897291,4.442552297662697,-157.52,-267.184,4.0,23.219142255844837
332,50.0,-10.0,4.752856653403294,4.0399281553928,-74.664,259.165,4.0,19.201199412629965
333,50.0,-10.0,4.70896000237773,4.002616002021071,-241.679,22.618,4.0,18.848158658394283
334,50.0,-10.0,4.975962090560658,4.229567776976559,71.375,301.837,4.0,21.04616891769227
335,50.0,-10.0,5.448333302625965,4.63108330723207,-101.051,-321.631,4.0,25.231685410027684
336,50.0,-10.0,4.818160133917155,4.095436113829582,-242.093,-83.903,4.0,19.73246701465829
337,50.0,-10.0,5.062972334892969,4.303526484659023,117.553,301.544,4.0,21.788635534307822
338,50.0,-10.0,4.689222164620064,3.9858388399270543,-126.048,223.071,4.0,18.690483832789468
339,50.0,-10.0,4.651476423685567,3.953754960132732,-192.766,147.518,4.0,18.39079798208727
340,50.0,-10.0,4.704012575480245,3.9984106891582085,-242.618,7.549,4.0,18.808574163734846
341,50.0,-10.0,4.803004534276878,4.082553854135346,-16.776,282.694,4.0,19.608524672841614
342,50.0,-10.0,5.323821935533134,4.525248645203164,-124.75,-298.638,4.0,24.091618001074202
343,50.0,-10.0,5.105603828607215,4.339763254316133,-177.163,-237.971,4.0,22.157111886485357
344,50.0,-10.0,4.6340142906425115,3.9389121470461346,-183.222,159.217,4.0,18.252975178997165
345,50.0,-10.0,4.87093767359628,4.140297022556838,34.442,294.67,4.0,20.167128747050608
346,50.0,-10.0,4.696795706366135,3.9922763504112146,-242.618,-7.549,4.0,18.750906421238458
347,50.0,-10.0,4.800230319818189,4.08019577184546,-237.056,-97.228,4.0,19.585879454806555
348,50.0,-10.0,4.8972401606324025,4.162654136537542,-219.961,-156.071,4.0,20.385517012274246
349,50.0,-10.0,5.141716469120017,4.370458998752015,168.566,291.965,4.0,22.471661011497016
350,50.0,-10.0,4.719943999953884,4.011952399960801,-60.015,262.944,4.0,18.93619065829557
351,50.0,-10.0,4.662143275933531,3.9628217845435008,-113.456,229.731,4.0,18.475242936532396
352,50.0,-10.0,4.99294865562392,4.244006357280331,-197.257,-203.192,4.0,21.1901058360422
353,50.0,-10.0,4.614443913215876,3.9222773262334942,-172.969,170.3,4.0,18.099128733982788
354,50.0,-10.0,4.687325186615324,3.984226408623025,-241.679,-22.618,4.0,18.67536479431662
355,50.0,-10.0,4.9371696912272185,4.1965942375431355,87.752,297.489,4.0,20.719297875976768
356,50.0,-10.0,5.028760990143406,4.274446841621895,131.875,295.561,4.0,21.495171531589875
357,50.0,-10.0,5.191525515912984,4.412796688526036,-142.694,-275.388,4.0,22.909146605019238
358,50.0,-10.0,5.414493602162537,4.602319561838156,-85.272,-326.17,4.0,24.919229822680187
359,50.0,-10.0,4.780641858710215,4.063545579903683,-231.286,-110.252,4.0,19.42635609406442
360,50.0,-10.0,4.5928131160198316,3.903891148616857,-162.047,180.724,4.0,17.929842470881226
361,50.0,-10.0,4.763934274970728,4.049344133725119,0.0,283.191,4.0,19.290809309804743
362,50.0,-10.0,4.63370368603347,3.9386481331284493,-100.514,235.682,4.0,18.25052837246614
363,50.0,-10.0,4.675626822207352,3.9742827988762492,-239.805,-37.599,4.0,18.5822632534631
364,50.0,-10.0,5.291370694745833,4.497665090533958,-110.288,-304.276,4.0,23.798813254832748
365,50.0,-10.0,4.870901775069523,4.140266508809095,-210.864,-168.159,4.0,20.166831487019117
366,50.0,-10.0,4.6859069521201775,3.9830209093021507,-45.177,265.895,4.0,18.664065369338978
367,50.0,-10.0,5.070402735330677,4.309842325031076,-163.026,-247.869,4.0,21.85263631368149
368,50.0,-10.0,4.830419310966704,4.105856414321698,51.517,292.169,4.0,19.833008111796037
369,50.0,-10.0,4.569172825990323,3.883796902091775,-150.498,190.449,4.0,17.745739266703136
370,50.0,-10.0,5.107659189399748,4.341510310989786,182.581,283.412,4.0,22.174955035800743
371,50.0,-10.0,4.960134892372483,4.21611465851661,-184.873,-214.52,4.0,20.912497427951333
372,50.0,-10.0,4.66173816822749,3.9624774429933667,-237.004,-52.435,4.0,18.472032336742647
373,50.0,-10.0,4.7594481451370445,4.045530923366488,-224.802,-122.935,4.0,19.254494649311184
374,50.0,-10.0,4.6039240646995285,3.9133354549945993,-87.261,240.903,4.0,18.016699274491515
375,50.0,-10.0,4.994654939064045,4.245456698204438,145.894,288.898,4.0,21.20459126626933
376,50.0,-10.0,4.898217284038582,4.163484691432794,103.867,292.253,4.0,20.393652677406152
377,50.0,-10.0,4.543578678937191,3.8620418770966123,-138.367,199.437,4.0,17.547491129938734
378,50.0,-10.0,5.155681435258616,4.382329219969824,-127.443,-282.769,4.0,22.593893402589796
379,50.0,-10.0,4.843110588398563,4.116644000138779,-201.104,-179.717,4.0,19.937362145739534
380,50.0,-10.0,4.724030542461101,4.015425961091935,16.776,282.694,4.0,18.968994881189523
381,50.0,-10.0,5.380308319732107,4.573262071772291,-69.29,-329.935,4.0,24.60555997307175
382,50.0,-10.0,4.650844270786523,3.9532176301685444,-30.197,268.01,4.0,18.38579956644165
383,50.0,-10.0,4.645678191146695,3.948826462474691,-233.286,-67.068,4.0,18.344976977341624
384,50.0,-10.0,4.519169301282096,3.8412939060897813,-217.804,71.534,4.0,17.35945749760293
385,50.0,-10.0,4.513553679611409,3.8365206276696973,-212.828,85.204,4.0,17.316341795923634
386,50.0,-10.0,5.25845695058997,4.469688408001474,-95.573,-309.214,4.0,23.50366407602677
387,50.0,-10.0,4.522429581583333,3.844065144345833,-221.902,57.576,4.0,17.384513922323002
388,50.0,-10.0,4.505616233520135,3.8297737984921145,-206.996,98.53,4.0,17.25549099719614
389,50.0,-10.0,4.736670525069648,4.026169946309201,-217.622,-135.239,4.0,19.07064051360404
390,50.0,-10.0,4.523346732474712,3.844844722603505,-225.107,43.386,4.0,17.391565812861206
391,50.0,-10.0,4.7894486608550295,4.071031361726775,68.418,288.679,4.0,19.49799570372113
392,50.0,-10.0,4.495363595096098,3.8210590558316833,-200.33,111.46,4.0,17.177049774298016
393,50.0,-10.0,5.034087401468311,4.278974291248064,-148.338,-256.929,4.0,21.54073057077867
394,50.0,-10.0,4.572906665123156,3.8869706653546827,-73.738,245.381,4.0,17.77475406273862
395,50.0,-10.0,4.516081001226098,3.838668851042183,-125.7,207.653,4.0,17.335739468190017
396,50.0,-10.0,4.925960917985275,4.187066780287484,-171.84,-225.096,4.0,20.625327320690587
397,50.0,-10.0,4.5219038493231825,3.843618271924705,-227.405,29.021,4.0,17.380472259145243
398,50.0,-10.0,5.073987015218082,4.31288896293537,196.163,274.186,4.0,21.883542596011445
399,50.0,-10.0,4.482823255744201,3.8103997673825707,-192.857,123.942,4.0,17.081348690904882
400,50.0,-10.0,4.627480074617875,3.9333580634251937,-228.665,-81.442,4.0,18.201536064837637
401,50.0,-10.0,4.518123564491555,3.8404050298178216,-228.788,14.54,4.0,17.351424462411792
402,50.0,-10.0,4.468023601044854,3.7978200608881263,-184.608,135.924,4.0,16.968749664569753
403,50.0,-10.0,4.960746871867249,4.216634841087162,159.578,281.571,4.0,20.917658097729593
404,50.0,-10.0,4.8139360702592535,4.091845659720366,-190.711,-190.711,4.0,19.69788341526164
405,50.0,-10.0,4.614825138114984,3.9226013673977365,-15.123,269.281,4.0,18.102119397071284
406,50.0,-10.0,4.859220376563767,4.130337320079202,119.671,286.145,4.0,20.070219267810643
407,50.0,-10.0,4.712366116738149,4.005511199227427,-209.77,-147.124,4.0,18.875435255454516
408,50.0,-10.0,4.683385912208151,3.9808780253769283,33.494,281.203,4.0,18.643988062269308
409,50.0,-10.0,4.512005911294102,3.8352050245999862,-229.25,0.0,4.0,17.30446774201998
410,50.0,-10.0,4.4510036523031244,3.783353104457656,-175.616,147.359,4.0,16.83971848589339
411,50.0,-10.0,5.119099378650574,4.351234471852988,-111.811,-289.307,4.0,22.274401681225587
412,50.0,-10.0,4.486764899854376,3.8137501648762195,-112.547,215.066,4.0,17.11140037658046
413,50.0,-10.0,4.540681243912022,3.859579057325219,-59.987,249.099,4.0,17.525118234992267
414,50.0,-10.0,5.345856975352291,4.543978429049447,-53.144,-332.917,4.0,24.29145878078433
415,50.0,-10.0,4.607182738418102,3.9161053276553863,-223.159,-95.5,4.0,18.04221286740106
416,50.0,-10.0,5.225133040921525,4.441363084783297,-80.638,-313.44,4.0,23.206713001030355
417,50.0,-10.0,4.503549495859378,3.8280170714804713,-228.788,-14.54,4.0,17.23966435240697
418,50.0,-10.0,4.431781305734449,3.7670141098742818,-165.916,158.2,4.0,16.69458271057874
419,50.0,-10.0,4.748170873306451,4.035945242310484,85.088,284.213,4.0,19.163357645798385
420,50.0,-10.0,4.996744618872468,4.2472329260415975,-133.148,-265.12,4.0,21.22233826829632
421,50.0,-10.0,4.890489986369389,4.156916488413981,-158.204,-234.88,4.0,20.329358460762382
422,50.0,-10.0,5.040805616326839,4.284684773877813,209.28,264.31,4.0,21.598263072353372
423,50.0,-10.0,4.455700557984242,3.7873454742866057,-98.959,221.647,4.0,16.875277343057924
424,50.0,-10.0,4.492788867038129,3.8188705369824096,-227.405,-29.021,4.0,17.157379033214493
425,50.0,-10.0,4.577957704834983,3.8912640491097354,0.0,269.706,4.0,17.814042235169286
426,50.0,-10.0,4.686578138694524,3.9835914178903455,-201.269,-158.555,4.0,18.669412452576015
427,50.0,-10.0,4.783415497578504,4.065903172941729,-179.717,-201.104,4.0,19.44890424910308
428,50.0,-10.0,4.927101429894151,4.188036215410028,172.894,273.596,4.0,20.634879225395238
429,50.0,-10.0,4.410426691131061,3.748862687461402,-155.548,168.405,4.0,16.53408405816509
430,50.0,-10.0,4.507348504239672,3.831246228603721,-46.05,252.048,4.0,17.268761957870865
431,50.0,-10.0,4.584847665459245,3.897120515640358,-216.79,-109.189,4.0,17.867703898147024
432,50.0,-10.0,4.820298819207,4.09725399632595,135.119,279.183,4.0,19.74998860048114
433,50.0,-10.0,4.6421502142246025,3.945827682090912,50.094,278.725,4.0,18.317124819711694
434,50.0,-10.0,4.4797555777677545,3.8077922411025913,-225.107,-43.386,4.0,17.05797853106011
435,50.0,-10.0,4.386975925021441,3.728929536268225,-144.554,177.931,4.0,16.35872410171007
436,50.0,-10.0,5.0818575545922915,4.319578921403448,-95.845,-294.981,4.0,21.951484774391734
437,50.0,-10.0,5.311232569602566,4.514547684162181,-36.873,-335.11,4.0,23.977812697146017
438,50.0,-10.0,5.191488292937269,4.412765048996678,-65.517,-316.946,4.0,22.90881809134901
439,50.0,-10.0,4.422967871936672,3.759522691146171,-84.988,227.371,4.0,16.62824807675641
440,50.0,-10.0,4.659368131651032,3.960462911903377,-192.147,-169.495,4.0,18.453254678308443
441,50.0,-10.0,4.706686048011463,4.000683140809743,101.469,278.784,4.0,18.829959521363897
442,50.0,-10.0,4.472982032022353,3.8020347272189996,-31.972,254.218,4.0,17.006433019975592
443,50.0,-10.0,5.00820156773712,4.256971332576552,221.901,253.807,4.0,21.319770501621864
444,50.0,-10.0,4.540304466616761,3.8592587966242466,15.123,269.281,4.0,17.522209952143093
445,50.0,-10.0,4.560532593187436,3.8764527042093206,-209.583,-122.456,4.0,17.678688903496184
446,50.0,-10.0,4.464460891570777,3.7947917578351604,-221.902,-57.576,4.0,16.941699394510195
447,50.0,-10.0,4.853821468904872,4.125748248569141,-144.011,-243.84,4.0,20.02564542420157
448,50.0,-10.0,4.958458306916334,4.214689560878884,-117.507,-272.413,4.0,20.89836246421346
449,50.0,-10.0,4.751647910443754,4.038900723877191,-168.159,-210.864,4.0,19.19143418510082
450,50.0,-10.0,4.361494654354836,3.70727045620161,-132.978,186.741,4.0,16.169240276970935
451,50.0,-10.0,4.893820108303094,4.15974709205763,185.813,264.992,4.0,20.357053964566955
452,50.0,-10.0,4.781555809294909,4.064322437900673,150.163,271.387,4.0,19.433784563791612
453,50.0,-10.0,4.600441541256164,3.9103753100677396,66.518,275.268,4.0,17.989453018338082
454,50.0,-10.0,4.329064620203303,3.679704927172807,-203.734,71.041,4.0,15.92968041301157
455,50.0,-10.0,4.323138184936466,3.674667457195996,-199.024,83.329,4.0,15.886095201147398
456,50.0,-10.0,4.332849504740314,3.6829220790292667,-207.686,58.488,4.0,15.957547106119126
457,50.0,-10.0,4.38862906173724,3.7303347024766538,-70.688,232.214,4.0,16.371055285295984
458,50.0,-10.0,4.446954828447041,3.7799116041799845,-217.804,-71.534,4.0,16.80909615931118
459,50.0,-10.0,4.315090862159364,3.6678272328354593,-193.574,95.307,4.0,15.827007776387557
460,50.0,-10.0,4.334486387015488,3.684313428963165,-210.865,45.718,4.0,15.969606403339194
461,50.0,-10.0,4.33403438521554,3.683929227433209,-120.866,194.799,4.0,15.966275944396049
462,50.0,-10.0,4.304938531675256,3.6591977519239673,-187.404,106.931,4.0,15.752621397276961
463,50.0,-10.0,4.333980963698663,3.683883819143863,-213.26,32.778,4.0,15.96588234464703
464,50.0,-10.0,4.630779497593982,3.936162572954885,-182.43,-179.912,4.0,18.227500942036258
465,50.0,-10.0,4.534261746452566,3.854122484484681,-201.564,-135.248,4.0,17.475600147541613
466,50.0,-10.0,4.437646150003932,3.771999227503342,-17.794,255.602,4.0,16.73879784974801
467,50.0,-10.0,5.044066118961778,4.287456201117512,-79.593,-299.775,4.0,21.626212560589416
468,50.0,-10.0,5.1575880748505565,4.383949863622973,-50.246,-319.723,4.0,22.610607537364565
469,50.0,-10.0,5.276480003884119,4.485008003301501,-20.513,-336.507,4.0,23.66505504668061
470,50.0,-10.0,4.292685815665882,3.6487829433159997,-180.536,118.157,4.0,15.6630787852162
471,50.0,-10.0,4.331331211876533,3.6816315300950526,-214.862,19.715,4.0,15.946365556929457
472,50.0,-10.0,4.502001653787962,3.826701405719768,30.197,268.01,4.0,17.227816057103116
473,50.0,-10.0,4.71868670793883,4.010883701748005,-156.071,-219.961,4.0,18.926103610526802
474,50.0,-10.0,4.665169410138771,3.9653939986179547,117.507,272.413,4.0,18.499234781500345
475,50.0,-10.0,4.976270259234912,4.2298297203496755,233.995,242.703,4.0,21.048775839004016
476,50.0,-10.0,4.27837363172476,3.6366175869660458,-172.997,128.943,4.0,15.558808792742054
477,50.0,-10.0,4.326532225812089,3.6775523919402757,-215.664,6.58,4.0,15.911048935841935
478,50.0,-10.0,4.860983505996239,4.1318359800968025,198.304,255.779,4.0,20.08478654873236
479,50.0,-10.0,4.816059199623269,4.093650319679779,-129.313,-251.943,4.0,19.715262282134535
480,50.0,-10.0,4.42725790131786,3.7631692161201813,-212.828,-85.204,4.0,16.66052064606421
481,50.0,-10.0,4.304679279234303,3.658977387349158,-108.268,202.073,4.0,15.750724142508787
482,50.0,-10.0,4.919350476279044,4.181447904837188,-101.469,-278.784,4.0,20.570007742196832
483,50.0,-10.0,4.352813239384556,3.6998912534768724,-56.115,236.16,4.0,16.104935632417252
484,50.0,-10.0,4.262026891055827,3.622722857397453,-164.814,139.25,4.0,15.44014223707055
485,50.0,-10.0,4.319604176524163,3.6716635500455386,-215.664,-6.58,4.0,15.860133205568244
486,50.0,-10.0,4.558391145099231,3.874632473334346,82.708,270.844,4.0,17.662090356961215
487,50.0,-10.0,4.743145654729507,4.0316738065200814,164.76,262.782,4.0,19.122816096682495
488,50.0,-10.0,4.506138770151414,3.8302179546287016,-192.766,-147.518,4.0,17.25949362348244
489,50.0,-10.0,4.600880467955022,3.9107483977617687,-172.15,-189.772,4.0,17.99288591834852
490,50.0,-10.0,4.401436946597958,3.741221404608264,-3.562,256.196,4.0,16.46675011564592
491,50.0,-10.0,4.243681749222892,3.607129486839458,-156.018,149.039,4.0,15.307509570384346
492,50.0,-10.0,4.310561549512958,3.663977317086014,-214.862,-19.715,4.0,15.793799741318617
493,50.0,-10.0,4.405438603306589,3.7446228128106003,-206.996,-98.53,4.0,16.49670589437832
494,50.0,-10.0,4.273488671769656,3.6324653710042076,-95.234,208.533,4.0,15.523299613582044
495,50.0,-10.0,4.463120140687318,3.79365211958422,45.177,265.895,4.0,16.931525181677465
496,50.0,-10.0,5.123491676690917,4.354967925187279,-34.859,-321.764,4.0,22.312641916952938
497,50.0,-10.0,5.005818753198093,4.254945940218379,-63.104,-303.674,4.0,21.299488181389254
498,50.0,-10.0,5.241719803359958,4.455461832855964,-4.105,-337.107,4.0,23.354282522395565
499,50.0,-10.0,4.68461520194008,3.9819229216490677,-143.492,-228.366,4.0,18.653776651710878
500,50.0,-10.0,4.223374149025739,3.589868026671878,-146.642,158.273,4.0,15.161355822260052
501,50.0,-10.0,4.315588548889664,3.6682502665562144,-41.324,239.192,4.0,15.830658844811458
502,50.0,-10.0,4.945081049812535,4.203318892340654,245.534,231.022,4.0,20.785752600832783
503,50.0,-10.0,4.299409995832308,3.6544984964574616,-213.26,-32.778,4.0,15.71218736542335
504,50.0,-10.0,4.6237423430910685,3.930180991627408,133.148,265.12,4.0,18.17214426699929
505,50.0,-10.0,4.828667947734842,4.104367755574615,210.339,245.977,4.0,19.818629027059536
506,50.0,-10.0,4.777306239316433,4.0607103034189675,-114.161,-259.161,4.0,19.39925666857996
507,50.0,-10.0,4.476210780789404,3.804779163670993,-183.222,-159.217,4.0,17.030993510946992
508,50.0,-10.0,4.8795491905279,4.147616811948715,-85.088,-284.213,4.0,20.23850025736426
509,50.0,-10.0,4.201159899642336,3.570985914695986,-136.721,166.919,4.0,15.002282827008385
510,50.0,-10.0,4.364434201986801,3.7097690716887803,10.682,255.998,4.0,16.191043017951337
511,50.0,-10.0,4.569727530481153,3.88426840090898,-161.337,-199.046,4.0,17.75004824741177
512,50.0,-10.0,4.381535552920269,3.7243052199822286,-200.33,-111.46,4.0,16.31817573127868
513,50.0,-10.0,4.24053910182819,3.604458236553962,-81.816,214.153,4.0,15.28484609301376
514,50.0,-10.0,4.2861849458218995,3.6432572039486146,-210.865,-45.718,4.0,15.615674181321738
515,50.0,-10.0,4.516145795868688,3.838723926488385,98.608,265.469,4.0,17.336236922111063
516,50.0,-10.0,4.705171540535183,3.999395809454905,178.864,253.393,4.0,18.81784334198289
517,50.0,-10.0,4.4237874630732295,3.760219343612245,60.015,262.944,4.0,16.634411190677298
518,50.0,-10.0,4.177050064005815,3.550492554404943,-126.29,174.943,4.0,14.830585151629338
519,50.0,-10.0,4.27706402518096,3.6355044214038155,-26.374,241.298,4.0,15.54928517417258
520,50.0,-10.0,4.27091534975134,3.6302780472886393,-207.686,-58.488,4.0,15.504610236030372
521,50.0,-10.0,4.649522500442243,3.9520941253759068,-130.462,-236.053,4.0,18.375350559800886
522,50.0,-10.0,5.0892860236616695,4.325893120112419,-19.392,-323.065,4.0,22.01570739604231
523,50.0,-10.0,4.914744911238207,4.177533174552476,256.49,218.794,4.0,20.531509911160576
524,50.0,-10.0,4.79697249995184,4.077426624959064,221.891,235.609,4.0,19.559303390500077
525,50.0,-10.0,5.207010455504523,4.425958887178845,12.313,-336.907,4.0,23.04601420117341
526,50.0,-10.0,4.96722533683894,4.2221415363130985,-46.427,-306.667,4.0,20.97232841489451
527,50.0,-10.0,4.355610623500258,3.7022690299752194,-192.857,-123.942,4.0,16.125642318016062
528,50.0,-10.0,4.205931890326271,3.5750421067773304,-68.069,218.911,4.0,15.036383606153992
529,50.0,-10.0,4.582537488067124,3.8951568648570554,148.338,256.929,4.0,17.849702355109464
530,50.0,-10.0,4.444555622221637,3.7778722788883914,-172.969,-170.3,4.0,16.790963477168667
531,50.0,-10.0,4.326726678827951,3.6777176770037583,24.892,255.008,4.0,15.912479190289318
532,50.0,-10.0,4.537403061587168,3.8567926023490924,-150.026,-207.705,4.0,17.499822561805512
533,50.0,-10.0,4.151137479096521,3.5284668572320426,-115.39,182.317,4.0,14.647151014805845
534,50.0,-10.0,4.139524882584666,3.5185961501969665,-190.321,68.52,4.0,14.565316315506957
535,50.0,-10.0,4.143689374019681,3.522135967916729,-194.247,56.434,4.0,14.594637384109074
536,50.0,-10.0,4.133108403672891,3.513142143121957,-185.643,80.335,4.0,14.52019731503475
537,50.0,-10.0,4.73767501557336,4.027023763237356,-98.608,-265.469,4.0,19.07872987020983
538,50.0,-10.0,4.145632115524677,3.5237872981959755,-197.408,44.126,4.0,14.608325791679167
539,50.0,-10.0,4.253623065075542,3.615579605314211,-203.734,-71.041,4.0,15.379312802781255
540,50.0,-10.0,4.124463052402167,3.5057935945418417,-180.232,91.833,4.0,14.459516150036007
541,50.0,-10.0,4.1453098677153735,3.5235133875580673,-199.789,31.643,4.0,14.60605481447168
542,50.0,-10.0,4.1136175466257,3.4965749146318448,-174.11,102.969,4.0,14.383571921920815
543,50.0,-10.0,4.839129901517527,4.113260416289898,-68.418,-288.679,4.0,19.904601473196877
544,50.0,-10.0,4.473835109685491,3.8027598432326672,114.161,259.161,4.0,17.0129205003564
545,50.0,-10.0,4.667759500986262,3.967595575838322,192.435,243.247,4.0,18.519781945190385
546,50.0,-10.0,4.1427330277022,3.52132307354687,-201.381,19.036,4.0,14.587901397992443
547,50.0,-10.0,4.3840969310677025,3.726482391407547,74.664,259.165,4.0,16.33726001584766
548,50.0,-10.0,4.237357102742594,3.601753537331205,-11.321,242.471,4.0,15.261915933738644
549,50.0,-10.0,4.100585705532718,3.4854978497028104,-167.301,113.698,4.0,14.292582659156372
550,50.0,-10.0,4.123457293843648,3.504938699767101,-104.061,189.012,4.0,14.452465046029525
551,50.0,-10.0,4.327728855246852,3.6785695269598238,-184.608,-135.924,4.0,15.91985148785579
552,50.0,-10.0,4.169759500667798,3.544295575567628,-54.048,222.788,4.0,14.778860149397959
553,50.0,-10.0,4.137922196144511,3.517233866722834,-202.179,6.354,4.0,14.5540400861436
554,50.0,-10.0,4.613464524518935,3.921444845841095,-117.021,-242.996,4.0,18.091446681145516
555,50.0,-10.0,4.234344312820677,3.5991926658975752,-199.024,-83.329,4.0,15.240220995589288
556,50.0,-10.0,4.085397574275853,3.472587938134475,-159.832,123.978,4.0,14.18690233891417
557,50.0,-10.0,5.055048761219117,4.29679144703625,-3.881,-323.623,4.0,21.720490281557492
558,50.0,-10.0,4.765987097712138,4.051089033055317,232.932,224.7,4.0,19.30743806322478
559,50.0,-10.0,4.8853500560925,4.152547547678625,266.839,206.046,4.0,20.286648394978545
560,50.0,-10.0,4.411257065517884,3.7495685056902017,-162.047,-180.724,4.0,16.54031056336924
561,50.0,-10.0,4.288435122819974,3.645169854396978,39.026,253.231,4.0,15.632074432240573
562,50.0,-10.0,4.130874977391865,3.511243730783085,-202.179,-6.354,4.0,14.504508867015904
563,50.0,-10.0,4.503956389745152,3.828362931283379,-138.251,-215.721,4.0,17.242779686617258
564,50.0,-10.0,5.172445263263411,4.396578473773899,28.701,-335.908,4.0,22.74106150123768
565,50.0,-10.0,4.068091707827808,3.4578779516536367,-151.732,133.77,4.0,14.066964621802764
566,50.0,-10.0,4.928388998670984,4.189130648870337,-29.611,-308.745,4.0,20.645665403888007
567,50.0,-10.0,4.541722260136044,3.8604639211156377,163.026,247.869,4.0,17.53315492498297
568,50.0,-10.0,4.094083200892046,3.4799707207582387,-92.344,195.005,4.0,14.247289667452488
569,50.0,-10.0,4.1216068868588955,3.503365853830061,-201.381,-19.036,4.0,14.439496830332274
570,50.0,-10.0,4.697267027861377,3.992676973682171,-82.708,-270.844,4.0,18.75466990137861
571,50.0,-10.0,4.213127901707882,3.5811587164516996,-193.574,-95.307,4.0,15.08787970872704
572,50.0,-10.0,4.048687327504191,3.441384228378562,-143.033,143.033,4.0,13.933088714509074
573,50.0,-10.0,4.196585369479779,3.567097564057812,3.775,242.706,4.0,14.969629448831972
574,50.0,-10.0,4.34417964426121,3.6925526976220286,89.078,254.571,4.0,16.041112264371435
575,50.0,-10.0,4.13210135966113,3.5122861557119602,-39.809,225.767,4.0,14.513122399536353
576,50.0,-10.0,4.431620896530344,3.7668777620507923,129.313,251.943,4.0,16.693374204979747
577,50.0,-10.0,4.297963570676704,3.6532690350751986,-175.616,-147.359,4.0,15.701617226634438
578,50.0,-10.0,4.631038269683879,3.936382529231297,205.431,232.375,4.0,18.229538136985155
579,50.0,-10.0,4.798250705543918,4.07851309971233,-51.517,-292.169,4.0,19.5697283582648
580,50.0,-10.0,4.110148278651487,3.493626036853764,-199.789,-31.643,4.0,14.359321041626515
581,50.0,-10.0,4.027246115163602,3.4231591978890616,-133.77,151.732,4.0,13.785904581285276
582,50.0,-10.0,4.576568731999989,3.8900834221999903,-103.212,-249.176,4.0,17.803234154911987
583,50.0,-10.0,4.063075798974085,3.453614429127972,-80.284,200.272,4.0,14.032297205977562
584,50.0,-10.0,4.249642000162756,3.6121957001383422,53.039,250.671,4.0,15.350538560115211
585,50.0,-10.0,4.735789380616474,4.025420973524002,243.437,213.274,4.0,19.0635458989258
586,50.0,-10.0,4.376402092280429,3.719941778438365,-150.498,-190.449,4.0,16.27996098231904
587,50.0,-10.0,4.856981061636991,4.128433902391442,276.554,192.81,4.0,20.05172527813533
588,50.0,-10.0,5.020858688481685,4.267729885209432,11.64,-323.437,4.0,21.42766867424672
589,50.0,-10.0,4.46947816528534,3.7990564404925387,-126.048,-223.071,4.0,16.979799809468044
590,50.0,-10.0,4.1900181731423025,3.561515447170957,-187.404,-106.931,4.0,14.922814447573344
591,50.0,-10.0,4.09650672223578,3.482030713900413,-197.408,-44.126,4.0,14.264162226524494
592,50.0,-10.0,5.138103164262356,4.367387689623002,45.022,-334.112,4.0,22.44008850761241
593,50.0,-10.0,4.0037928154880404,3.403223893164834,-123.978,159.832,4.0,13.625803372950601
594,50.0,-10.0,4.501457279063812,3.82623868720424,177.163,237.971,4.0,17.22364998995109
595,50.0,-10.0,4.889410197037817,4.1559986674821445,-12.706,-309.901,4.0,20.320382263662776
596,50.0,-10.0,4.093080146106585,3.479118124190597,-25.41,227.837,4.0,14.240309320084117
597,50.0,-10.0,4.266368772365377,3.62641345651057,-165.916,-158.2,4.0,15.471617126542284
598,50.0,-10.0,4.154866989465006,3.5316369410452553,18.857,242.002,4.0,14.673481745124104
599,50.0,-10.0,4.030507621323118,3.4259314781246504,-67.925,204.794,4.0,13.80824293271218
600,50.0,-10.0,4.304150148187841,3.6585276259596644,103.212,249.176,4.0,15.746852223423598
601,50.0,-10.0,4.65622201130658,3.9577887096105933,-66.518,-275.268,4.0,18.42834290578951
602,50.0,-10.0,4.0807027766731245,3.4685973601721556,-194.247,-56.434,4.0,14.154314878815585
603,50.0,-10.0,4.389653214915053,3.731205232677795,144.011,243.84,4.0,16.37869704513195
604,50.0,-10.0,3.9784027648846134,3.3816423501519215,-113.698,167.301,4.0,13.453535275695307
605,50.0,-10.0,4.595149529168589,3.9058770997933006,217.814,220.81,4.0,17.94808931610556
606,50.0,-10.0,4.165049460136563,3.5402920411160785,-180.536,-118.157,4.0,14.745491454576294
607,50.0,-10.0,4.210453739108148,3.578885678241926,66.888,247.336,4.0,15.068732585794319
608,50.0,-10.0,4.757020833691359,4.043467708637655,-34.442,-294.67,4.0,19.234860130347588
609,50.0,-10.0,4.706475316259432,4.000504018820517,253.383,201.357,4.0,18.82827341717542
610,50.0,-10.0,4.538896059621274,3.858061650678083,-89.078,-254.571,4.0,17.5113408240387
611,50.0,-10.0,4.340083784752422,3.6890712170395585,-138.367,-199.437,4.0,16.01087816987027
612,50.0,-10.0,4.829742610403143,4.105281218842671,285.614,179.117,4.0,19.827451630332195
613,50.0,-10.0,4.434047072508631,3.768940011632336,-113.456,-229.731,4.0,16.711657425039004
614,50.0,-10.0,3.9522476339489003,3.359410488856565,-178.775,60.686,4.0,13.277222156046477
615,50.0,-10.0,3.946275783743474,3.354334416181953,-174.423,72.248,4.0,13.237128677156145
616,50.0,-10.0,3.9558115962669893,3.3624398568269407,-182.361,48.863,4.0,13.301178577386327
617,50.0,-10.0,4.986794032659843,4.238774927760866,27.134,-322.507,4.0,21.13789751554604
618,50.0,-10.0,4.062808050475221,3.453386842903938,-190.321,-68.52,4.0,14.030447866755326
619,50.0,-10.0,3.9379198581589705,3.347231879435125,-169.324,83.501,4.0,13.181130887890351
620,50.0,-10.0,3.9569735806050064,3.3634275435142555,-185.166,36.832,4.0,13.308993929965105
621,50.0,-10.0,3.9511218097759446,3.358453538309553,-102.969,174.11,4.0,13.269659022334066
622,50.0,-10.0,3.9964614445554947,3.3969922278721705,-55.314,208.554,4.0,13.575948466145803
623,50.0,-10.0,4.052809999774676,3.444888499808475,-10.908,228.99,4.0,13.96147856013257
624,50.0,-10.0,3.927201945684091,3.3381216538314775,-163.5,94.397,4.0,13.109477853857175
625,50.0,-10.0,3.955739417183641,3.3623785046060948,-187.179,24.643,4.0,13.300693186161315
626,50.0,-10.0,4.2330505595826775,3.598092975645276,-155.548,-168.405,4.0,15.230909483985737
627,50.0,-10.0,5.104083739598099,4.338471178658384,61.236,-331.524,4.0,22.14392019770526
628,50.0,-10.0,4.112325417015912,3.495476604463525,33.865,240.361,4.0,14.374537285119828
629,50.0,-10.0,3.91413792041309,3.3270172323511265,-156.976,104.888,4.0,13.022404311013352
630,50.0,-10.0,4.138293296854855,3.517549302326627,-172.997,-128.943,4.0,14.556650699174755
631,50.0,-10.0,4.461872004694614,3.7925912039904217,190.7,227.267,4.0,16.922056518335904
632,50.0,-10.0,3.952093098346763,3.3592791335947485,-188.39,12.348,4.0,13.276183879300099
633,50.0,-10.0,4.264118301798129,3.624500556528409,117.021,242.996,4.0,15.455299157970291
634,50.0,-10.0,4.850427699827395,4.122863544853286,4.236,-310.133,4.0,19.99765154056494
635,50.0,-10.0,4.042822765130961,3.436399350361317,-185.643,-80.335,4.0,13.892753523721979
636,50.0,-10.0,3.898762259818067,3.313947920845357,-149.78,114.93,4.0,12.920295084794429
637,50.0,-10.0,3.9460461128705324,3.3541391959399527,-188.794,0.0,4.0,13.235587936165544
638,50.0,-10.0,4.170975820250817,3.545329447213194,80.53,243.236,4.0,14.787483399149428
639,50.0,-10.0,3.922008953592389,3.3337076105535304,-91.833,180.232,4.0,13.074831097250035
640,50.0,-10.0,4.6146555461653245,3.922457214240526,-50.094,-278.725,4.0,18.10078893829123
641,50.0,-10.0,4.3480884091942125,3.6958751478150806,158.204,234.88,4.0,16.0699918920437
642,50.0,-10.0,4.560226691137769,3.8761926874671038,229.548,208.586,4.0,17.67631735338053
643,50.0,-10.0,4.678118093506367,3.9764003794804115,262.745,188.977,4.0,18.602070562272896
644,50.0,-10.0,4.30238988872917,3.6570314054197945,-125.7,-207.653,4.0,15.733974941443151
645,50.0,-10.0,3.8811109684379774,3.2989443231722806,-141.943,124.48,4.0,12.803568996930139
646,50.0,-10.0,3.9610142767902667,3.3668621352717265,-42.497,211.538,4.0,13.336188985795872
647,50.0,-10.0,4.803693163388593,4.083139188880304,293.996,164.998,4.0,19.614147806788363
648,50.0,-10.0,4.500559547515715,3.825475615388358,-74.664,-259.165,4.0,17.21678080462463
649,50.0,-10.0,4.397764940951454,3.738100199808736,-100.514,-235.682,4.0,16.439286004482483
650,50.0,-10.0,3.9376218809182086,3.346978598780477,-188.39,-12.348,4.0,13.179136165522973
651,50.0,-10.0,4.715574282174481,4.008238139848309,-17.25,-296.174,4.0,18.90114468909957
652,50.0,-10.0,4.011412913084548,3.409700976121866,3.637,229.221,4.0,13.677718525372242
653,50.0,-10.0,4.952948705385351,4.210006399577549,42.565,-320.836,4.0,20.851945746451662
654,50.0,-10.0,4.109803548749702,3.4933330164372465,-164.814,-139.25,4.0,14.356912427918296
655,50.0,-10.0,4.198083881275144,3.5683712990838723,-144.554,-177.931,4.0,14.98032203308885
656,50.0,-10.0,4.0207994807863265,3.4176795586683775,-180.232,-91.833,4.0,13.741804194987854
657,50.0,-10.0,3.8612049079332627,3.282024171743273,-133.497,133.497,4.0,12.672567839890728
658,50.0,-10.0,3.926828206571539,3.337803975585808,-187.179,-24.643,4.0,13.106982799336972
659,50.0,-10.0,4.069118635486541,3.45875084016356,48.743,237.791,4.0,14.074067499214273
660,50.0,-10.0,3.8911435022046668,3.3074719768739667,-80.335,185.643,4.0,12.86984809153716
661,50.0,-10.0,5.070458784613946,4.309889966921854,77.304,-328.149,4.0,21.85311944349842
662,50.0,-10.0,4.224248556816709,3.590611273294203,130.462,236.053,4.0,15.167634489302843
663,50.0,-10.0,4.423139135370304,3.7596682650647586,203.592,215.794,4.0,16.62953583921771
664,50.0,-10.0,3.839115519274359,3.263248191383205,-124.48,141.943,4.0,12.527986774783248
665,50.0,-10.0,3.924258616137439,3.335619823716823,-29.522,213.735,4.0,13.089834833379587
666,50.0,-10.0,4.13134114440732,3.5116399727462215,93.923,238.385,4.0,14.507782703751865
667,50.0,-10.0,3.9136850696588534,3.326632309210025,-185.166,-36.832,4.0,13.01939120080003
668,50.0,-10.0,4.811522885892941,4.089794453009,21.166,-309.438,4.0,19.678139609250806
669,50.0,-10.0,4.650814038386359,3.9531919326284055,271.503,176.162,4.0,18.385560536703892
670,50.0,-10.0,3.996797212663129,3.3972776307636594,-174.11,-102.969,4.0,13.578229765278993
671,50.0,-10.0,4.526379093013308,3.8474222290613116,240.596,195.739,4.0,17.414891539617777
672,50.0,-10.0,4.307096236130915,3.661031800711278,171.84,225.096,4.0,15.768416289199132
673,50.0,-10.0,4.778948288370173,4.062106045114647,301.681,150.489,4.0,19.412594731478777
674,50.0,-10.0,4.263444273732031,3.623927632672226,-112.547,-215.066,4.0,15.450413513935676
675,50.0,-10.0,4.0796481042800865,3.4677008886380736,-156.018,-149.039,4.0,14.146999356542688
676,50.0,-10.0,4.572703586730326,3.8867980487207774,-33.494,-281.203,4.0,17.773175378281934
677,50.0,-10.0,4.360681905702741,3.7065796198473295,-87.261,-240.903,4.0,16.163214680314795
678,50.0,-10.0,3.8585881474092427,3.2797999252978562,-68.52,190.321,4.0,12.655397117628027
679,50.0,-10.0,3.9690109190591834,3.3736592812003057,18.168,228.529,4.0,13.39009052426937
680,50.0,-10.0,4.461665133430914,3.792415363416277,-60.015,-262.944,4.0,16.920487398442134
681,50.0,-10.0,3.8148692736719485,3.242638882621156,-114.93,149.78,4.0,12.370243438925389
682,50.0,-10.0,3.8982397653354433,3.3135038005351265,-182.361,-48.863,4.0,12.916832277836152
683,50.0,-10.0,4.161571646722834,3.537335899714409,-132.978,-186.741,4.0,14.72087678518629
684,50.0,-10.0,4.9193795008635215,4.181472575733993,57.898,-318.426,4.0,20.570250472488794
685,50.0,-10.0,4.674051212159219,3.9729435303353355,0.0,-296.676,4.0,18.569741523804
686,50.0,-10.0,4.025365687091526,3.421560834027797,63.432,234.3,4.0,13.773033577591757
687,50.0,-10.0,3.8863041287361098,3.3033585094256934,-16.437,215.138,4.0,12.837855813876633
688,50.0,-10.0,3.9708616052546564,3.375232364466458,-167.301,-113.698,4.0,13.402580604872748
689,50.0,-10.0,3.7885373316804682,3.220256731928398,-104.888,156.976,4.0,12.200062846506077
690,50.0,-10.0,4.184631694877453,3.556936940645835,143.492,228.366,4.0,14.884471058507001
691,50.0,-10.0,5.0373464506481795,4.281744483050953,93.189,-323.997,4.0,21.56863037427914
692,50.0,-10.0,3.8805161117293725,3.2984386949699664,-178.775,-60.686,4.0,12.799644499382559
693,50.0,-10.0,3.8244110376222196,3.2507493819788866,-56.434,194.247,4.0,12.432201816983662
694,50.0,-10.0,4.091642165118298,3.4778958403505533,107.026,232.796,4.0,14.23030526626786
695,50.0,-10.0,4.385419634386656,3.7276066892286575,215.794,203.592,4.0,16.347119564214392
696,50.0,-10.0,4.62465515020455,3.9309568776738675,279.637,162.942,4.0,18.179319969566446
697,50.0,-10.0,4.047894996056,3.4407107466476,-146.642,-158.273,4.0,13.927635814230923
698,50.0,-10.0,3.7628320122687517,3.198407210428439,-165.471,57.901,4.0,12.03506903967133
699,50.0,-10.0,3.7670342949491404,3.2019791507067694,-169.335,45.373,4.0,12.061965272424523
700,50.0,-10.0,3.7555420735677094,3.192210762532553,-160.681,70.105,4.0,11.988481826386662
701,50.0,-10.0,4.755561998005083,4.042227698304321,308.65,135.622,4.0,19.223064429339583
702,50.0,-10.0,4.493752736196791,3.8196898257672727,250.926,182.308,4.0,17.164741605964725
703,50.0,-10.0,4.77285863617257,4.056929840746684,38.033,-307.821,4.0,19.36315262675402
704,50.0,-10.0,3.925730776637219,3.3368711601416363,32.626,226.916,4.0,13.099657811041164
705,50.0,-10.0,3.768148650825589,3.2029263532017507,-172.252,32.592,4.0,12.0691026165109
706,50.0,-10.0,4.322928998756222,3.6744896489427883,-73.738,-245.381,4.0,15.88455785904435
707,50.0,-10.0,4.266823077226933,3.6267996156428928,184.873,214.52,4.0,15.474912296502865
708,50.0,-10.0,4.22335677415846,3.5898532580346907,-98.959,-221.647,4.0,15.161231075555628
709,50.0,-10.0,3.745195303408041,3.183416007896835,-154.993,81.916,4.0,11.922514681569202
710,50.0,-10.0,3.7601800181894705,3.19615301546105,-94.397,163.5,4.0,12.018110703812662
711,50.0,-10.0,3.7661720055486563,3.201246204716358,-174.206,19.628,4.0,12.05644383907163
712,50.0,-10.0,4.123604493976587,3.5050638198800987,-120.866,-194.799,4.0,14.453496919332318
713,50.0,-10.0,4.422305432770123,3.758959617854604,-45.177,-265.895,4.0,16.62326753960192
714,50.0,-10.0,3.860542485671364,3.2814611128206597,-174.423,-72.248,4.0,12.66822004112259
715,50.0,-10.0,3.731820112622051,3.172047095728743,-148.438,93.27,4.0,11.83750915002489
716,50.0,-10.0,4.530512200102169,3.850935370086844,-16.776,-282.694,4.0,17.44670967598341
717,50.0,-10.0,3.9430538031518427,3.3515957326790664,-159.832,-123.978,4.0,13.21552230036768
718,50.0,-10.0,3.8472130147737458,3.270131062557684,-3.29,215.739,4.0,12.58089078388782
719,50.0,-10.0,4.8861928740517495,4.153263942943987,73.099,-315.284,4.0,20.29364868206898
720,50.0,-10.0,3.761112037514014,3.196945231886912,-175.186,6.555,4.0,12.024069194922895
721,50.0,-10.0,3.9812536308345754,3.384065586209389,77.876,229.904,4.0,13.472823402078467
722,50.0,-10.0,3.78873726397143,3.2204266743757155,-44.126,197.408,4.0,12.20135054709486
723,50.0,-10.0,3.7154487608927225,3.158131446758814,-141.053,104.102,4.0,11.733875570596377
724,50.0,-10.0,4.632586226244393,3.9376982923077337,17.25,-296.174,4.0,18.241726872050876
725,50.0,-10.0,4.145432447269585,3.5236175801791476,156.071,219.961,4.0,14.606918648644179
726,50.0,-10.0,4.014631409507035,3.4124366980809797,-136.721,-166.919,4.0,13.699675551070376
727,50.0,-10.0,4.052041962999871,3.44423566854989,119.799,226.489,4.0,13.956187459425069
728,50.0,-10.0,3.7298569199712626,3.1703783819755733,-83.501,169.324,4.0,11.825057746938887
729,50.0,-10.0,3.7529729008851316,3.1900269657523617,-175.186,-6.555,4.0,11.972084755561434
730,50.0,-10.0,5.0047976255287825,4.254077981699465,108.853,-319.075,4.0,21.29079938162376
731,50.0,-10.0,4.599726091077738,3.909767177416077,287.128,149.348,4.0,17.98385809600009
732,50.0,-10.0,3.6961261464643203,3.141707224494672,-132.879,114.352,4.0,11.612146216990608
733,50.0,-10.0,3.838373224242691,3.262617240606287,-169.324,-83.501,4.0,12.523142657295745
734,50.0,-10.0,4.3488664340896435,3.696536468976197,227.267,190.7,4.0,16.075743372318836
735,50.0,-10.0,4.7336324970297,4.023587622475245,314.887,120.434,4.0,19.046185124395286
736,50.0,-10.0,3.8817374409272905,3.2994768247881967,46.952,224.39,4.0,12.807702726252236
737,50.0,-10.0,3.9134428158494003,3.32642639347199,-151.732,-133.77,4.0,13.01777947198479
738,50.0,-10.0,3.741776829871912,3.180510305391125,-174.206,-19.628,4.0,11.900759767881349
739,50.0,-10.0,4.462474305914281,3.7931031600271385,260.507,168.333,4.0,16.92662539130337
740,50.0,-10.0,4.28456680033352,3.641881780283492,-59.987,-249.099,4.0,15.603885766542186
741,50.0,-10.0,4.182247159236783,3.5549100853512656,-84.988,-227.371,4.0,14.86751260580252
742,50.0,-10.0,3.673903804293166,3.122818233649191,-123.962,123.962,4.0,11.472933788719828
743,50.0,-10.0,3.7516174860093665,3.1888748631079613,-31.643,199.789,4.0,11.963438697131553
744,50.0,-10.0,4.227471401809806,3.593350691538335,197.257,203.192,4.0,15.190787285151803
745,50.0,-10.0,3.8071435760221277,3.2360720396188083,9.868,215.539,4.0,12.32019087717957
746,50.0,-10.0,4.0843071394450865,3.4716610685283236,-108.268,-202.073,4.0,14.17933008792379
747,50.0,-10.0,4.734532967109587,4.024353022043148,54.786,-305.285,4.0,19.053432054150377
748,50.0,-10.0,3.697653566954833,3.143005531911608,-72.248,174.423,4.0,11.621745616031731
749,50.0,-10.0,4.382610329674998,3.725218780223748,-30.197,-268.01,4.0,16.326182306507896
750,50.0,-10.0,3.8140628972321,3.241953462647285,-163.5,-94.397,4.0,12.365014416436143
751,50.0,-10.0,4.853456633202224,4.125438138221891,88.131,-311.416,4.0,20.022635096818473
752,50.0,-10.0,3.9368978417907856,3.3463631655221677,92.018,224.617,4.0,13.174289924192404
753,50.0,-10.0,3.727562084711989,3.1684277720051903,-172.252,-32.592,4.0,11.81051123107503
754,50.0,-10.0,4.488204110675776,3.814973494074409,0.0,-283.191,4.0,17.12237971822389
755,50.0,-10.0,3.9799014838311493,3.3829162612564767,-126.29,-174.943,4.0,13.463673447851175
756,50.0,-10.0,3.648851218872446,3.101523536041579,-114.352,132.879,4.0,11.316997934846894
757,50.0,-10.0,4.106782190597528,3.490764862007899,168.159,210.864,4.0,14.335810966857675
758,50.0,-10.0,4.012628403057093,3.4107341425985287,132.201,219.481,4.0,13.686008695867438
759,50.0,-10.0,4.576088087221409,3.8896748741381977,293.958,135.41,4.0,17.79949485470824
760,50.0,-10.0,4.9729362198916185,4.226995786907875,124.259,-313.397,4.0,21.020580450043447
761,50.0,-10.0,3.8820825039733537,3.2997701283773506,-143.033,-143.033,4.0,12.809979882507621
762,50.0,-10.0,4.713225820555444,4.006241947472127,320.377,104.96,4.0,18.882322990217954
763,50.0,-10.0,4.591327575098791,3.9026284388339727,34.442,-294.67,4.0,17.918245566583167
764,50.0,-10.0,3.710366844181567,3.153811817554332,-169.335,-45.373,4.0,11.701798800641598
765,50.0,-10.0,3.713163616897127,3.156189074362558,-19.036,201.381,4.0,11.71944643897127
766,50.0,-10.0,3.6636463045390864,3.1140993588582235,-60.686,178.775,4.0,11.408958608048469
767,50.0,-10.0,4.313645747827867,3.6665988856536873,237.971,177.163,4.0,15.816408692090425
768,50.0,-10.0,3.837178723924894,3.26160191533616,61.089,220.961,4.0,12.515349475440596
769,50.0,-10.0,3.6210311653056477,3.0778764905098006,-104.102,141.053,4.0,11.145086695097561
770,50.0,-10.0,3.7661660186440002,3.2012411158474,22.99,214.536,4.0,12.05640550799048
771,50.0,-10.0,3.787661875971164,3.219512594575489,-156.976,-104.888,4.0,12.194425113682588
772,50.0,-10.0,4.432680038507259,3.76777803273117,269.311,153.856,4.0,16.70135447521361
773,50.0,-10.0,4.245725718369938,3.608866860614447,-46.05,-252.048,4.0,15.322258844283736
774,50.0,-10.0,4.043779943843683,3.4372129522671306,-95.234,-208.533,4.0,13.899332799097557
775,50.0,-10.0,4.140219259797337,3.519186370827736,-70.688,-232.214,4.0,14.570203191317285
776,50.0,-10.0,4.189174812318286,3.560798590470543,208.948,191.149,4.0,14.916807766937653
777,50.0,-10.0,4.696662316816459,3.9921629692939904,71.375,-301.837,4.0,18.74984138047319
778,50.0,-10.0,4.342680570078082,3.6912784845663698,-15.123,-269.281,4.0,16.03004335367364
779,50.0,-10.0,3.9438319508378408,3.3522571582121645,-115.39,-182.317,4.0,13.220738887981996
780,50.0,-10.0,3.6902366410733016,3.136701144912306,-165.471,-57.901,4.0,11.575169497051968
781,50.0,-10.0,4.821286525674845,4.098093546823618,102.96,-306.833,4.0,19.758083198255743
782,50.0,-10.0,3.8925003393409083,3.308625288439772,105.804,218.462,4.0,12.878825058003724
783,50.0,-10.0,3.5905288792827257,3.0519495473903167,-93.27,148.438,4.0,10.958112988018776
784,50.0,-10.0,4.55382799274627,3.8707537938343295,300.112,121.16,4.0,17.626746979391594
785,50.0,-10.0,3.6279073350484152,3.083721234791153,-48.863,182.361,4.0,11.18745488694338
786,50.0,-10.0,3.8490671051709597,3.2717070393953156,-133.77,-151.732,4.0,12.593019943092779
787,50.0,-10.0,3.973550682227258,3.377518079893169,144.194,211.795,4.0,13.420739270594401
788,50.0,-10.0,4.445946821674996,3.779054798423746,16.776,-282.694,4.0,16.801476669987697
789,50.0,-10.0,4.068820287270588,3.45849724418,179.717,201.104,4.0,14.072003750589007
790,50.0,-10.0,4.694415873983492,3.990253492885968,325.107,89.237,4.0,18.731909338221964
791,50.0,-10.0,3.673492714481686,3.1224688073094327,-6.354,202.179,4.0,11.47036641484752
792,50.0,-10.0,3.5756885044002837,3.0393352287402413,-153.903,50.006,4.0,10.867716038425288
793,50.0,-10.0,3.5690477795724336,3.0336906126365686,-149.505,61.927,4.0,10.82738674494028
794,50.0,-10.0,3.5789912306128064,3.0421425460208855,-157.352,37.777,4.0,10.887801494482865
795,50.0,-10.0,3.7592374470431946,3.1953518299867154,-149.78,-114.93,4.0,12.01208625576406
796,50.0,-10.0,4.941831976815777,4.20055718029341,139.37,-306.975,4.0,20.75844779401709
797,50.0,-10.0,3.5590971676158256,3.0252325924734516,-144.186,73.466,4.0,10.767096751251342
798,50.0,-10.0,3.5789486007744413,3.042106310658275,-159.831,25.315,4.0,10.887542123937532
799,50.0,-10.0,3.724434873847109,3.1657696427700426,36.026,212.736,4.0,11.79070286009925
800,50.0,-10.0,3.7921886039324177,3.223360313342555,74.98,216.641,4.0,12.223590246625664
801,50.0,-10.0,3.545841970246877,3.013965674709845,-137.977,84.552,4.0,10.687045986269615
802,50.0,-10.0,3.6672173998684867,3.1171347898882136,-160.681,-70.105,4.0,11.431210939213456
803,50.0,-10.0,4.279900408442055,3.6379153471757464,247.869,163.026,4.0,15.569915380255097
804,50.0,-10.0,3.575565198254611,3.039230418516419,-161.325,12.697,4.0,10.866966513924105
805,50.0,-10.0,4.550423089569014,3.8678596261336615,51.517,-292.169,4.0,17.600397749970387
806,50.0,-10.0,4.404484406028759,3.7438117451244453,277.311,138.92,4.0,16.489560450507934
807,50.0,-10.0,4.206510876230377,3.5755342447958203,-31.972,-254.218,4.0,15.040523689067784
808,50.0,-10.0,3.5574323553684195,3.0238175020631566,-81.916,154.993,4.0,10.757026218568786
809,50.0,-10.0,3.5293442366761885,2.99994260117476,-130.918,95.117,4.0,10.587830129815513
810,50.0,-10.0,4.002141300995595,3.401820105846255,-81.816,-214.153,4.0,13.614564744164504
811,50.0,-10.0,3.568824806633763,3.0335010856386986,-161.823,0.0,4.0,10.826033925377839
812,50.0,-10.0,4.097443753614916,3.482827190572679,-56.115,-236.16,4.0,14.27068851693221
813,50.0,-10.0,3.5905508691343138,3.0519682387641667,-36.832,185.166,4.0,10.958247212265
814,50.0,-10.0,3.9064931909108784,3.3205192122742466,-104.061,-189.012,4.0,12.971585693038099
815,50.0,-10.0,4.152115315475555,3.529298018154222,219.904,178.435,4.0,14.654052354055668
816,50.0,-10.0,4.533031220216794,3.853076537184275,305.576,106.632,4.0,17.466116236941136
817,50.0,-10.0,3.814455265012721,3.2422869752608126,-123.978,-159.832,4.0,12.367558623465776
818,50.0,-10.0,4.789751436782378,4.071288721265021,117.553,-301.544,4.0,19.500461002235024
819,50.0,-10.0,4.302654785617476,3.657256567774855,0.0,-269.706,4.0,15.735912473567426
820,50.0,-10.0,3.728860173801955,3.1695311477316617,-141.943,-124.48,4.0,11.818738466401394
821,50.0,-10.0,3.848224119142643,3.2709905012712466,119.181,211.462,4.0,12.587504540478495
822,50.0,-10.0,4.659399853488198,3.960489875464968,87.752,-297.489,4.0,18.453505945482963
823,50.0,-10.0,3.509634446478114,2.983189279506397,-123.051,105.096,4.0,10.469903855719878
824,50.0,-10.0,3.6327018755512386,3.0877965942185526,6.354,202.179,4.0,11.217044479138462
825,50.0,-10.0,4.677275505081794,3.975684179319525,329.066,73.303,4.0,18.59537022787243
826,50.0,-10.0,3.934933097171816,3.3446931325960434,155.741,203.454,4.0,13.161143707335452
827,50.0,-10.0,3.5587909302727017,3.0249722907317964,-161.325,-12.697,4.0,10.765243952582555
828,50.0,-10.0,3.641386535213832,3.095178554931757,-154.993,-81.916,4.0,11.270741514011107
829,50.0,-10.0,4.031699323109763,3.426944424643298,190.711,190.711,4.0,13.81640951716916
830,50.0,-10.0,3.521851142350685,2.993573470998082,-70.105,160.681,4.0,10.5429201485453
831,50.0,-10.0,3.6820525408110747,3.1297446596894134,48.928,210.144,4.0,11.523884276299297
832,50.0,-10.0,4.9116031880371365,4.174862709831566,154.151,-299.826,4.0,20.50526899522608
833,50.0,-10.0,4.403867635449478,3.7432874901320563,33.494,-281.203,4.0,16.48494262797547
834,50.0,-10.0,3.4867762009882233,2.9637597708399896,-114.426,114.426,4.0,10.333967034411186
835,50.0,-10.0,3.746972909066743,3.1849269727067315,88.57,211.45,4.0,11.933835084088077
836,50.0,-10.0,3.545448211402808,3.013630979692387,-159.831,-25.315,4.0,10.684672566778465
837,50.0,-10.0,3.551681310040093,3.018929113534079,-24.643,187.179,4.0,10.722274108874894
838,50.0,-10.0,4.247813663533268,3.6106416140032778,256.929,148.338,4.0,15.337332782084935
839,50.0,-10.0,4.378014175109987,3.721312048843489,284.484,123.569,4.0,16.291956899844383
840,50.0,-10.0,4.167016721665319,3.541964213415521,-17.794,-255.602,4.0,14.759424104842624
841,50.0,-10.0,4.510017483584952,3.833514861047209,68.418,-288.679,4.0,17.28921904690565
842,50.0,-10.0,3.696585372878972,3.1420975669471263,-133.497,-133.497,4.0,11.615031906135354
843,50.0,-10.0,3.867992994906201,3.287794045670271,-92.344,-195.005,4.0,12.717164337346928
844,50.0,-10.0,4.513760270149412,3.836696229627,310.337,91.859,4.0,17.317927009922396
845,50.0,-10.0,3.778358916450437,3.2116050789828714,-113.698,-167.301,4.0,12.134596686292443
846,50.0,-10.0,3.9595360628622513,3.3656056534329135,-68.069,-218.911,4.0,13.326236958140694
847,50.0,-10.0,3.4608457162405664,2.941718858804481,-105.096,123.051,4.0,10.180835110877576
848,50.0,-10.0,3.6128160278755823,3.070893623694245,-148.438,-93.27,4.0,11.094573703583496
849,50.0,-10.0,3.59091566340009,3.0522783138900764,19.036,201.381,4.0,10.960474006404292
850,50.0,-10.0,4.661864798039936,3.9625850783339454,332.245,57.194,4.0,18.47303588592334
851,50.0,-10.0,4.116479990611634,3.4990079920198887,230.089,165.094,4.0,14.403596386140062
852,50.0,-10.0,3.5288593465832396,2.9995304445957536,-157.352,-37.777,4.0,10.584921044772706
853,50.0,-10.0,4.05403141048833,3.44592669891508,-41.324,-239.192,4.0,13.969895075642096
854,50.0,-10.0,4.7589332367586765,4.045093251244875,131.875,-295.561,4.0,19.250328719137453
855,50.0,-10.0,3.4838877817682157,2.9613046145029833,-57.901,165.471,4.0,10.31685296456078
856,50.0,-10.0,3.804234194962659,3.23359906571826,132.097,203.643,4.0,12.301368138604712
857,50.0,-10.0,3.8969276248531752,3.3123884811251987,166.808,194.484,4.0,12.908138176342238
858,50.0,-10.0,4.26262696020766,3.623232916176511,15.123,-269.281,4.0,15.444490311605817
859,50.0,-10.0,4.622860711087074,3.9294316044240127,103.867,-292.253,4.0,18.165214980995614
860,50.0,-10.0,3.995540007919212,3.39620900673133,201.104,179.717,4.0,13.569688961650597
861,50.0,-10.0,3.6391581277689387,3.0932844086035978,61.648,206.77,4.0,11.256951097070717
862,50.0,-10.0,4.8823104611735,4.149963891997475,168.566,-291.965,4.0,20.261412123391562
863,50.0,-10.0,3.431907127175607,2.917121058099266,-95.117,130.918,4.0,10.01128855012492
864,50.0,-10.0,3.511389630397141,2.98468118583757,-12.348,188.39,4.0,10.480378565991485
865,50.0,-10.0,3.5090677261315175,2.98270756721179,-153.903,-50.006,4.0,10.466522860591146
866,50.0,-10.0,3.701661754582534,3.1464124913951537,101.802,205.406,4.0,11.646954783538186
867,50.0,-10.0,4.362150230168382,3.7078276956431244,50.094,-278.725,4.0,16.174101435974357
868,50.0,-10.0,3.6625212206944786,3.113143037590307,-124.48,-141.943,4.0,11.401952438231767
869,50.0,-10.0,4.353368356263479,3.7003631028239568,290.807,107.849,4.0,16.109043638518756
870,50.0,-10.0,3.5815870441340465,3.0443489875139393,-141.053,-104.102,4.0,10.903600891502528
871,50.0,-10.0,4.496090083634618,3.821676571089425,314.385,76.874,4.0,17.182602134133912
872,50.0,-10.0,4.217529682474492,3.584900230103318,265.12,133.148,4.0,15.119423129170379
873,50.0,-10.0,3.740858956393298,3.1797301129343034,-102.969,-174.11,4.0,11.894921871883762
874,50.0,-10.0,4.648241195780706,3.9510050164136,334.636,40.95,4.0,18.36522428202992
875,50.0,-10.0,3.828430192746933,3.2541656638348933,-80.284,-200.272,4.0,12.458346079625871
876,50.0,-10.0,3.4436564605071407,2.9271079914310696,-45.373,169.335,4.0,10.079954345293682
877,50.0,-10.0,4.127371006707404,3.508265355701293,-3.562,-256.196,4.0,14.479912712957553
878,50.0,-10.0,3.548268505092438,3.016028229328572,31.643,199.789,4.0,10.701677976596285
879,50.0,-10.0,3.4000501627056616,2.8900426382998123,-84.552,137.977,4.0,9.826289942577576
880,50.0,-10.0,3.916100868883213,3.328685738550731,-54.048,-222.788,4.0,13.035469112977678
881,50.0,-10.0,4.728926217969995,4.019587285274496,145.894,-288.898,4.0,19.008331698753402
882,50.0,-10.0,4.4702831516761155,3.799740678924698,85.088,-284.213,4.0,16.985916737735444
883,50.0,-10.0,4.082429141015794,3.470064769863425,239.465,151.174,4.0,14.16629353770271
884,50.0,-10.0,3.4861283819996647,2.963209124699715,-149.505,-61.927,4.0,10.33012743141606
885,50.0,-10.0,3.3886913524368376,2.880387649571312,-142.481,41.27,4.0,9.760744719768173
886,50.0,-10.0,3.3833675231977542,2.8758623947180912,-138.699,52.601,4.0,9.730099427474912
887,50.0,-10.0,3.8596599509255562,3.280710958286723,177.358,184.913,4.0,12.662428696261868
888,50.0,-10.0,4.010135411575323,3.4086150998390248,-26.374,-241.298,4.0,13.66900811629483
889,50.0,-10.0,3.3905868115570246,2.881998789823471,-145.34,29.671,4.0,9.771667087698766
890,50.0,-10.0,3.374598099410435,2.8684083844988697,-134.016,63.591,4.0,9.679725482662842
891,50.0,-10.0,3.76073989393433,3.1966289098441805,144.502,195.037,4.0,12.021689867354818
892,50.0,-10.0,3.5958996578991096,3.0565147092142433,74.139,202.627,4.0,10.990920197227094
893,50.0,-10.0,3.9605207531410964,3.366442640169932,210.864,168.159,4.0,13.33286594065212
894,50.0,-10.0,3.4697969735603253,2.9493274275262764,0.0,188.794,4.0,10.233567382069134
895,50.0,-10.0,4.222763931884605,3.589349342101914,30.197,-268.01,4.0,15.156974940761696
896,50.0,-10.0,4.854061740005662,4.1259524790048125,182.581,-283.412,4.0,20.027628069418775
897,50.0,-10.0,3.389045215840719,2.880688433464611,-147.257,17.88,4.0,9.762783353760936
898,50.0,-10.0,3.362444325240963,2.8580776764548186,-128.465,74.169,4.0,9.610127064293382
899,50.0,-10.0,4.587177123747576,3.8991005551854396,119.671,-286.145,4.0,17.88586486993812
900,50.0,-10.0,3.5477919592162537,3.0156231653338157,-132.879,-114.352,4.0,10.698803617997578
901,50.0,-10.0,3.626732437266301,3.082722571676356,-114.93,-149.78,4.0,11.18020994579163
902,50.0,-10.0,3.384047485512415,2.876440362685553,-148.218,5.973,4.0,9.734010776572465
903,50.0,-10.0,4.480064567310704,3.808054882214098,317.709,61.712,4.0,17.060331748181916
904,50.0,-10.0,3.346912923733841,2.844875985173765,-122.08,84.266,4.0,9.521552201198118
905,50.0,-10.0,3.3653872147299735,2.8605791325204772,-73.466,144.186,4.0,9.626956439307772
906,50.0,-10.0,4.636448213630395,3.9409809815858354,336.233,24.609,4.0,18.272154232025006
907,50.0,-10.0,4.330681648429413,3.6810794011650008,296.263,91.807,4.0,15.941583009036801
908,50.0,-10.0,3.6564810106584993,3.108008859059724,114.625,198.536,4.0,11.364375374110269
909,50.0,-10.0,3.401302745818095,2.8911073339453806,-32.592,172.252,4.0,9.833531313403256
910,50.0,-10.0,3.460119334467008,2.941101434296957,-144.186,-73.466,4.0,10.17656193743955
911,50.0,-10.0,3.7020516771562653,3.1467439255828253,-91.833,-180.232,4.0,11.649408627285188
912,50.0,-10.0,3.5048762690758446,2.979144828714468,44.126,197.408,4.0,10.44153401230136
913,50.0,-10.0,4.189180019604478,3.5608030166638067,272.413,117.507,4.0,14.916844851155371
914,50.0,-10.0,3.3756246290858565,2.869280934722978,-148.218,-5.973,4.0,9.685615391017372
915,50.0,-10.0,3.32805227368172,2.8288444326294617,-114.903,93.816,4.0,9.414542145904354
916,50.0,-10.0,3.7879142993430674,3.2197271544416073,-67.925,-204.794,4.0,12.19605052829253
917,50.0,-10.0,4.320944961297869,3.6728032171031884,66.518,-275.268,4.0,15.869980554780623
918,50.0,-10.0,4.087684122894159,3.4745315044600353,10.682,-255.998,4.0,14.202787265276843
919,50.0,-10.0,4.699828855025537,3.994854526771706,159.578,-281.571,4.0,18.775132576551048
920,50.0,-10.0,3.823296431504865,3.249801966779135,187.361,174.771,4.0,12.42495626268416
921,50.0,-10.0,3.8719606866403513,3.2911665836442987,-39.809,-225.767,4.0,12.743267625055157
922,50.0,-10.0,3.363800646936027,2.859230549895623,-147.257,-17.88,4.0,9.617881573478149
923,50.0,-10.0,3.4270387298344533,2.912982920359285,12.348,188.39,4.0,9.982905287417541
924,50.0,-10.0,4.050122269668714,3.4426039292184067,248.0,136.722,4.0,13.942966839376487
925,50.0,-10.0,3.3059319867853296,2.81004218876753,-106.982,102.757,4.0,9.289808356062837
926,50.0,-10.0,4.826930514254995,4.1028909371167455,196.163,-274.186,4.0,19.80436946102909
927,50.0,-10.0,4.431344899239952,3.766643164353959,101.469,-278.784,4.0,16.691294973616948
928,50.0,-10.0,3.5524193093691823,3.019556412963805,86.354,197.73,4.0,10.726730507142166
929,50.0,-10.0,3.3280069056701453,2.8288058698196235,-61.927,149.505,4.0,9.41428546955995
930,50.0,-10.0,3.9267699707301675,3.3377544751206423,219.961,156.071,4.0,13.10659404257397
931,50.0,-10.0,3.7179164260255595,3.1602289621217254,156.348,185.676,4.0,11.74946716827407
932,50.0,-10.0,3.9659165249411634,3.3710290461999888,-11.321,-242.471,4.0,13.369219800381185
933,50.0,-10.0,4.46575331740917,3.795890319797795,320.302,46.409,4.0,16.951509788158358
934,50.0,-10.0,4.626526882103731,3.932547849788171,337.032,8.21,4.0,18.1940383422042
935,50.0,-10.0,3.5115326750781968,2.984802773816467,-123.962,-123.962,4.0,10.481232468920561
936,50.0,-10.0,4.183166256453083,3.5556913179851204,45.177,-265.895,4.0,14.874047939758544
937,50.0,-10.0,3.5893274286233683,3.050928314329863,-104.888,-156.976,4.0,10.950780681387835
938,50.0,-10.0,3.431094705881102,2.9164304999989366,-137.977,-84.552,4.0,10.006549248616526
939,50.0,-10.0,4.552483700586253,3.8696111454983146,135.119,-279.183,4.0,17.616341667487976
940,50.0,-10.0,3.3569661094616303,2.8534211930423856,-19.628,174.206,4.0,9.578838241062861
941,50.0,-10.0,3.348591296070771,2.846302601660155,-145.34,-29.671,4.0,9.531104117902785
942,50.0,-10.0,4.3100416727470865,3.6635354218350233,300.834,75.492,4.0,15.789990337694027
943,50.0,-10.0,3.2806054504197366,2.788514632856776,-98.366,111.033,4.0,9.14801630312513
944,50.0,-10.0,3.4608763936143765,2.94174493457222,56.434,194.247,4.0,10.181015600095664
945,50.0,-10.0,3.6620555893229634,3.1127472509245186,-80.335,-185.643,4.0,11.399053468397822
946,50.0,-10.0,3.6115947359815865,3.0698555255843485,126.986,190.866,4.0,11.08707405642442
947,50.0,-10.0,4.162923167419135,3.5384846923062643,278.784,101.469,4.0,14.730439903159716
948,50.0,-10.0,4.671708995568323,3.970952646233074,172.894,-273.596,4.0,18.551135198382887
949,50.0,-10.0,3.7465674924196364,3.1845823685566907,-55.314,-208.554,4.0,11.931252778967227
950,50.0,-10.0,4.0480761329599435,3.440864713015952,24.892,-255.008,4.0,13.928882321503941
951,50.0,-10.0,3.2880508022022203,2.794843181871887,-50.006,153.903,4.0,9.189586366183264
952,50.0,-10.0,4.801019414618314,4.080866502425567,209.28,-264.31,4.0,19.592319306610683
953,50.0,-10.0,3.3300627573658446,2.830553343760968,-142.481,-41.27,4.0,9.425920272795759
954,50.0,-10.0,4.280413495464877,3.6383514711451457,82.708,-270.844,4.0,15.573648738334171
955,50.0,-10.0,3.383238573324249,2.8757527873256117,24.643,187.179,4.0,9.729357757424735
956,50.0,-10.0,4.61852613930829,3.9257472184120465,337.032,-8.21,4.0,18.13116614455285
957,50.0,-10.0,3.2521521262076956,2.764329307276541,-89.113,118.588,4.0,8.990019434197649
958,50.0,-10.0,4.453217110321192,3.785234543773013,322.159,30.999,4.0,16.85647123690881
959,50.0,-10.0,3.787950153688103,3.2197576306348874,196.784,164.088,4.0,12.196281411801865
960,50.0,-10.0,3.399167800784369,2.8892926306667133,-130.918,-95.117,4.0,9.821190477205855
961,50.0,-10.0,4.019743195196387,3.416781715916929,255.664,121.791,4.0,13.73458505202851
962,50.0,-10.0,3.5088843801650147,2.9825517231402623,98.248,192.098,4.0,10.465429154361116
963,50.0,-10.0,3.8272847452810854,3.2531920334889226,-25.41,-227.837,4.0,12.450892243242107
964,50.0,-10.0,3.472929235957614,2.951989850563972,-114.352,-132.879,4.0,10.252051856273766
965,50.0,-10.0,3.8944419721585626,3.3102756763347783,228.366,143.492,4.0,12.891676533333733
966,50.0,-10.0,3.550406369869073,3.0178454143887117,-94.397,-163.5,4.0,10.714577582525854
967,50.0,-10.0,3.675969796451194,3.124574326983515,167.589,175.597,4.0,11.485840852758217
968,50.0,-10.0,4.3934001124489885,3.7343900955816403,117.507,-272.413,4.0,16.406669865856767
969,50.0,-10.0,3.3108108074367717,2.814189186321256,-6.555,175.186,4.0,9.31724797224411
970,50.0,-10.0,3.9215374873627424,3.333306864258331,3.775,-242.706,4.0,13.071687825072598
971,50.0,-10.0,4.29155769874182,3.6478240439305467,304.508,58.951,4.0,15.654847359385657
972,50.0,-10.0,4.518894602594971,3.8410604122057252,150.163,-271.387,4.0,17.357347164957666
973,50.0,-10.0,4.143990632430622,3.522392037566029,60.015,-262.944,4.0,14.596759607421836
974,50.0,-10.0,3.3082730529235786,2.812032094985042,-138.699,-52.601,4.0,9.30297000379525
975,50.0,-10.0,3.220654738495706,2.7375565277213503,-79.282,125.374,4.0,8.816724402905619
976,50.0,-10.0,3.4164539254949653,2.9039858366707203,68.52,190.321,4.0,9.921333811275463
977,50.0,-10.0,3.6209733653966563,3.0778273605871576,-68.52,-190.321,4.0,11.144730895975188
978,50.0,-10.0,4.6124779901352735,3.920606291614982,336.233,-24.609,4.0,18.08371022805998
979,50.0,-10.0,4.644669806358488,3.9479693354047147,185.813,-264.992,4.0,18.337013968583463
980,50.0,-10.0,4.776409245009401,4.059947858257991,221.901,-253.807,4.0,19.391972484439588
981,50.0,-10.0,3.567219664210926,3.032136714579287,138.836,182.428,4.0,10.816297712823143
982,50.0,-10.0,3.245647888905098,2.758800705569333,-37.777,157.352,4.0,8.954095685941
983,50.0,-10.0,4.138912487494993,3.518075614370744,284.213,85.088,4.0,14.561007092270692
984,50.0,-10.0,4.442492317642808,3.7761184699963866,323.275,15.517,4.0,16.77537729346806
985,50.0,-10.0,3.7045062487919074,3.1488303114731213,-42.497,-211.538,4.0,11.664861565237546
986,50.0,-10.0,3.338536123712813,2.837755705155891,36.832,185.166,4.0,9.473949931935069
987,50.0,-10.0,3.197996445402495,2.7182969785921207,-128.062,42.255,4.0,8.693104075085945
988,50.0,-10.0,3.2015584278243683,2.721324663650713,-131.373,30.435,4.0,8.712479911757255
989,50.0,-10.0,3.3644203682023472,2.859757312971995,-123.051,-105.096,4.0,9.621425751878595
990,50.0,-10.0,3.190146496283946,2.7116245218413537,-123.689,53.726,4.0,8.650479467589825
991,50.0,-10.0,4.008698082149841,3.407393369827364,39.026,-253.231,4.0,13.659211266757037
992,50.0,-10.0,3.753787280743582,3.1907191886320447,205.599,152.898,4.0,11.977281106711452
993,50.0,-10.0,3.2008466399978297,2.720719643998155,-133.597,18.362,4.0,8.708606330867585
994,50.0,-10.0,3.1780372855472825,2.7013316927151902,-118.291,64.751,4.0,8.584932840079428
995,50.0,-10.0,3.2832519772194337,2.7907641806365184,-134.016,-63.591,4.0,9.162782014028021
996,50.0,-10.0,4.240730824230212,3.6046212005956804,98.608,-265.469,4.0,15.286228235039816
997,50.0,-10.0,3.4654420843374236,2.94562577168681,109.776,185.751,4.0,10.207895513912371
998,50.0,-10.0,3.4320970643231847,2.917282504674707,-104.102,-141.053,4.0,10.012396720095449
999,50.0,-10.0,3.991431232025205,3.392716547221424,262.43,106.431,4.0,13.541794787988307
1000,50.0,-10.0,3.1862038425035255,2.7082732661279967,-68.936,131.347,4.0,8.629110687086596
1001,50.0,-10.0,3.8636907453966893,3.284137133587186,236.053,130.462,4.0,12.688890249654422
1002,50.0,-10.0,3.5100694458194637,2.983559028946544,-83.501,-169.324,4.0,10.472499387304053
1003,50.0,-10.0,4.6083922935780635,3.9171334495413537,334.636,-40.95,4.0,18.05168760178323
1004,50.0,-10.0,3.19583284765179,2.716457920504021,-134.713,6.138,4.0,8.681345451610625
1005,50.0,-10.0,3.262994411131199,2.773545249461519,6.555,175.186,4.0,9.050062648012423
1006,50.0,-10.0,4.275307648056146,3.6340115008477243,307.273,42.234,4.0,15.53651716269827
1007,50.0,-10.0,3.161700966455687,2.687445821487334,-111.912,75.239,4.0,8.496900051093803
1008,50.0,-10.0,3.78223432426715,3.2148991756270773,-10.908,-228.99,4.0,12.159502011114895
1009,50.0,-10.0,3.63509381537507,3.0898297430688095,178.182,164.838,4.0,11.231820989591371
1010,50.0,-10.0,4.7531855077595555,4.040207681595622,233.995,-242.703,4.0,19.203856600499144
1011,50.0,-10.0,4.486572402040646,3.8135865417345487,164.76,-262.782,4.0,17.109932130939853
1012,50.0,-10.0,4.356589096984657,3.7031007324369587,133.148,-265.12,4.0,16.132888275970753
1013,50.0,-10.0,4.618790001775659,3.92597150150931,198.304,-255.779,4.0,18.133237918427376
1014,50.0,-10.0,4.433615186656584,3.768572908658096,323.647,0.0,4.0,16.70840207984911
1015,50.0,-10.0,4.105358181943181,3.489554454651704,74.664,-259.165,4.0,14.32587093174065
1016,50.0,-10.0,3.186547168127425,2.708565092908311,-134.713,-6.138,4.0,8.630970426495773
1017,50.0,-10.0,3.371731147154067,2.865971475080957,80.335,185.643,4.0,9.663285289385549
1018,50.0,-10.0,3.877160910420481,3.295586773857409,18.857,-242.002,4.0,12.777520216498688
1019,50.0,-10.0,3.2009467288001114,2.720804719480095,-25.315,159.831,4.0,8.709150966523714
1020,50.0,-10.0,3.141225427218136,2.6700416131354157,-104.607,85.104,4.0,8.387202606911497
1021,50.0,-10.0,3.5789142417229804,3.0420771054645335,-56.434,-194.247,4.0,10.88733307716644
1022,50.0,-10.0,4.11723490286617,3.4996496674362443,288.679,68.418,4.0,14.408879758572489
1023,50.0,-10.0,3.2551108621027485,2.766844232787336,-128.465,-74.169,4.0,9.006384715892402
1024,50.0,-10.0,4.606288142103112,3.915344920787645,332.245,-57.194,4.0,18.035206880867776
1025,50.0,-10.0,3.5235476712692746,2.9950155205788835,150.127,173.255,4.0,10.55307996295106
1026,50.0,-10.0,3.3269721294124004,2.82792631000054,-114.426,-114.426,4.0,9.408432017403848
1027,50.0,-10.0,3.2931010433401857,2.799135886839158,48.863,182.361,4.0,9.217837309400986
1028,50.0,-10.0,3.14892290055231,2.6765844654694635,-58.144,136.468,4.0,8.428358118579357
1029,50.0,-10.0,3.6618642927086107,3.112584648802319,-29.522,-213.735,4.0,11.397862583482183
1030,50.0,-10.0,3.1730225737035425,2.697069187648011,-133.597,-18.362,4.0,8.557861415247414
1031,50.0,-10.0,3.7209604536507666,3.1628163856031515,213.779,141.236,4.0,11.768714692987981
1032,50.0,-10.0,4.731406158856812,4.02169523502829,245.534,-231.022,4.0,19.028273604057947
1033,50.0,-10.0,3.116660767866023,2.6491616526861197,-96.435,94.264,4.0,8.256538190661946
1034,50.0,-10.0,3.969662607643679,3.374213216497127,53.039,-250.671,4.0,13.39448803574575
1035,50.0,-10.0,4.42662957851214,3.7626351417353185,323.275,-15.517,4.0,16.655792011554777
1036,50.0,-10.0,4.261359947762034,3.6221559555977287,309.12,25.391,4.0,15.435310313731877
1037,50.0,-10.0,3.389177129159064,2.880800559785204,-93.27,-148.438,4.0,9.763543370892643
1038,50.0,-10.0,3.422270802077646,2.908930181765999,120.896,178.713,4.0,9.955146826340197
1039,50.0,-10.0,3.8346299524941028,3.2594354596199873,242.996,117.021,4.0,12.498728841680185
1040,50.0,-10.0,3.965351504803027,3.370548779082573,268.274,90.698,4.0,13.365410673147085
1041,50.0,-10.0,4.594142327484088,3.9050209783614744,210.339,-245.977,4.0,17.940222166403775
1042,50.0,-10.0,3.468445798837412,2.9481789290118003,-72.248,-174.423,4.0,10.22559882055196
1043,50.0,-10.0,4.606180228639246,3.9152531943433595,329.066,-73.303,4.0,18.034361853901036
1044,50.0,-10.0,4.202051667734931,3.5717439175746915,114.161,-259.161,4.0,15.008652485566829
1045,50.0,-10.0,3.2137032212399324,2.7316477380539426,19.628,174.206,4.0,8.77870513507673
1046,50.0,-10.0,4.455623458951873,3.787279940109092,178.864,-253.393,4.0,16.874693346767916
1047,50.0,-10.0,3.1552878220239693,2.681994648720374,-131.373,-30.435,4.0,8.462465053840848
1048,50.0,-10.0,3.5955012768222954,3.056176085298951,188.085,153.442,4.0,10.988485016886141
1049,50.0,-10.0,3.0880848611588796,2.6248721319850477,-87.463,102.643,4.0,8.105827893260859
1050,50.0,-10.0,3.1541145645925908,2.680997379903702,-12.697,161.325,4.0,8.456172883588842
1051,50.0,-10.0,3.7369803033426905,3.176433257841287,3.637,-229.221,4.0,11.870268519435543
1052,50.0,-10.0,4.711165125491313,4.004490356667616,256.49,-218.794,4.0,18.86581531369874
1053,50.0,-10.0,3.2239064713849843,2.7403205006772366,-122.08,-84.266,4.0,8.834536995802283
1054,50.0,-10.0,4.321059188438152,3.6729003101724294,148.338,-256.929,4.0,15.870819633487915
1055,50.0,-10.0,3.3268828151844003,2.8278503929067402,91.833,180.232,4.0,9.407926876073889
1056,50.0,-10.0,3.108917664896957,2.6425800151624133,-46.974,140.704,4.0,8.215563690042096
1057,50.0,-10.0,4.067426216734828,3.4573122842246033,89.078,-254.571,4.0,14.062362624294524
1058,50.0,-10.0,4.098044097292085,3.4833374826982726,292.169,51.517,4.0,14.274870609847927
1059,50.0,-10.0,3.5360460859189526,3.00563917303111,-44.126,-197.408,4.0,10.628078633481334
1060,50.0,-10.0,4.608069768495554,3.9168593032212207,325.107,-89.237,4.0,18.049160942624265
1061,50.0,-10.0,4.42155072441437,3.7583181157522145,322.159,-30.999,4.0,16.617594187283856
1062,50.0,-10.0,3.2869533624780316,2.7939103581063267,-105.096,-123.051,4.0,9.183453046039793
1063,50.0,-10.0,3.8329552417279147,3.2580119554687275,33.865,-240.361,4.0,12.487814002326072
1064,50.0,-10.0,3.24708093554315,2.7600187952116775,60.686,178.775,4.0,8.962004411672611
1065,50.0,-10.0,4.570819009392395,3.8851961579835352,221.891,-235.609,4.0,17.75852845412944
1066,50.0,-10.0,3.480799944811163,2.9586799530894883,160.813,163.385,4.0,10.298573017427785
1067,50.0,-10.0,4.692532768745046,3.988652853433289,266.839,-206.046,4.0,18.71688421788414
1068,50.0,-10.0,4.249817369732354,3.612344764272501,310.046,8.472,4.0,15.351805524667002
1069,50.0,-10.0,3.1334376507670365,2.663422003151981,-128.062,-42.255,4.0,8.345666784557778
1070,50.0,-10.0,3.689586756782855,3.1361487432654265,221.297,129.137,4.0,11.571092870453311
1071,50.0,-10.0,3.6187932864884935,3.0759742935152192,-16.437,-215.138,4.0,11.131315122784063
1072,50.0,-10.0,4.611949681998018,3.920157229698315,320.377,-104.96,4.0,18.079567888889375
1073,50.0,-10.0,3.055612592385045,2.5972707035272884,-77.767,110.171,4.0,7.936253067530747
1074,50.0,-10.0,3.807437456961554,3.236321838417321,249.176,103.212,4.0,12.322092990372786
1075,50.0,-10.0,3.941642019755557,3.3503957167922236,273.176,74.645,4.0,13.206060540117267
1076,50.0,-10.0,3.9311052163268583,3.3414394338778295,66.888,-247.336,4.0,13.1355499885574
1077,50.0,-10.0,3.3795481531076232,2.8726159301414795,131.567,171.01,4.0,9.708143861297174
1078,50.0,-10.0,3.34431430717766,2.842667161101011,-81.916,-154.993,4.0,9.506772457414213
1079,50.0,-10.0,3.4256561502270584,2.9118077276929997,-60.686,-178.775,4.0,9.9748520506502
1080,50.0,-10.0,4.675568347989762,3.9742330957912975,276.554,-192.81,4.0,18.58179847021515
1081,50.0,-10.0,4.418403089127706,3.75564262575855,320.302,-46.409,4.0,16.593942979311265
1082,50.0,-10.0,4.426174444254208,3.762248277616077,192.435,-243.247,4.0,16.65236717932369
1083,50.0,-10.0,4.617799778547955,3.9251298117657614,314.887,-120.434,4.0,18.125463575543908
1084,50.0,-10.0,3.189739710461266,2.711278753892076,-114.903,-93.816,4.0,8.648273507419493
1085,50.0,-10.0,3.1631407830487968,2.688669665591477,32.592,172.252,4.0,8.50464067137857
1086,50.0,-10.0,3.066340499133078,2.6063894242631163,-35.5,144.028,4.0,7.992077448130139
1087,50.0,-10.0,4.164559660705373,3.5398757115995667,129.313,-251.943,4.0,14.742023592438281
1088,50.0,-10.0,4.660350387621738,3.9612978294784766,285.614,-179.117,4.0,18.461035875095167
1089,50.0,-10.0,3.105301597110416,2.6395063575438535,0.0,161.823,4.0,8.196463307664025
1090,50.0,-10.0,4.625595488777282,3.93175616546069,308.65,-135.622,4.0,18.186713581927233
1091,50.0,-10.0,4.54889864371118,3.8665638471545027,232.932,-224.7,4.0,17.5886070401438
1092,50.0,-10.0,4.081428737134225,3.4692144265640907,294.67,34.442,4.0,14.15935145585931
1093,50.0,-10.0,3.5573988644246146,3.0237890347609224,197.261,141.452,4.0,10.756823678518106
1094,50.0,-10.0,4.646906459497179,3.9498704905726023,293.996,-164.998,4.0,18.354678696819118
1095,50.0,-10.0,4.635315977327178,3.940018580728101,301.681,-150.489,4.0,18.26323107821492
1096,50.0,-10.0,4.286988122580814,3.643939904193692,163.026,-247.869,4.0,15.621527088676627
1097,50.0,-10.0,3.1075181020706513,2.6413903867600537,-123.689,-53.726,4.0,8.208168441492266
1098,50.0,-10.0,3.282094812633588,2.7897805907385496,102.969,174.11,4.0,9.15632440524886
1099,50.0,-10.0,4.240706847907423,3.604600820721309,310.046,-8.472,4.0,15.286055384405572
1100,50.0,-10.0,3.6916932598076415,3.1379392708364953,18.168,-228.529,4.0,11.584309255832794
1101,50.0,-10.0,3.019350498235425,2.566447923500111,-67.426,116.786,4.0,7.749005816515333
1102,50.0,-10.0,4.030333581493205,3.4257835442692244,103.212,-249.176,4.0,13.80705046139507
1103,50.0,-10.0,3.2444849889814087,2.7578122406341974,-95.117,-130.918,4.0,8.947680417166838
1104,50.0,-10.0,3.4924638317738737,2.9685942570077923,-31.643,-199.789,4.0,10.36770807381135
1105,50.0,-10.0,4.417208268682755,3.7546270283803413,317.709,-61.712,4.0,16.584969555581402
1106,50.0,-10.0,3.0104118245212788,2.5588500508430867,-115.976,35.774,4.0,7.703192450234903
1107,50.0,-10.0,3.200641463344765,2.72054524384305,72.248,174.423,4.0,8.70748991034946
1108,50.0,-10.0,3.0028069534459068,2.5523859104290207,-111.837,47.143,4.0,7.664322159713625
1109,50.0,-10.0,3.013006872910229,2.5610558419736944,-118.961,24.049,4.0,7.716478853773634
1110,50.0,-10.0,3.659839107864987,3.110863241685239,228.132,116.639,4.0,11.385258951139287
1111,50.0,-10.0,3.7891225544152425,3.220754171252956,48.743,-237.791,4.0,12.203832272521549
1112,50.0,-10.0,3.4391920042836133,2.9233132036410714,170.852,152.857,4.0,10.053835395979087
1113,50.0,-10.0,2.9902688256185748,2.5417285017757885,-106.588,58.045,4.0,7.600451502046346
1114,50.0,-10.0,4.52844570292374,3.849178847485179,243.437,-213.274,4.0,17.430797411679215
1115,50.0,-10.0,3.0106051446456346,2.559014372948789,-120.764,12.084,4.0,7.704181836421747
1116,50.0,-10.0,3.5753988981842415,3.039089063456605,-3.29,-215.739,4.0,10.865955688966524
1117,50.0,-10.0,3.7822139853410235,3.2148818875398697,254.571,89.078,4.0,12.159371236272843
1118,50.0,-10.0,3.920442056573191,3.3323757480872125,277.118,58.331,4.0,13.064386031105657
1119,50.0,-10.0,4.398348263608275,3.738596024067034,205.431,-232.375,4.0,16.44364733078804
1120,50.0,-10.0,3.1527344235364554,2.679824260005987,-106.982,-102.757,4.0,8.448774193548983
1121,50.0,-10.0,4.417960945294753,3.7552668035005397,314.385,-76.874,4.0,16.59062207702725
1122,50.0,-10.0,3.3374611946524464,2.8368420154545793,141.747,162.672,4.0,9.467850141939294
1123,50.0,-10.0,3.8931592838512987,3.309185391273604,80.53,-243.236,4.0,12.883185828021924
1124,50.0,-10.0,2.972802918152285,2.526882480429442,-100.279,68.369,4.0,7.5119236116485295
1125,50.0,-10.0,3.02131122806301,2.5681145438535586,-23.795,146.417,4.0,7.759073306296672
1126,50.0,-10.0,3.3818182164979795,2.8745454840232827,-48.863,-182.361,4.0,9.72119028202194
1127,50.0,-10.0,3.003233305175342,2.552748309399041,-121.368,0.0,4.0,7.666498742517248
1128,50.0,-10.0,3.2976795691957195,2.8030276338163613,-70.105,-160.681,4.0,9.243486959927235
1129,50.0,-10.0,3.0776255580034686,2.6159817243029484,-118.291,-64.751,4.0,8.051012213984738
1130,50.0,-10.0,4.23407364084384,3.5989625947172637,309.12,-25.391,4.0,15.238272656675317
1131,50.0,-10.0,4.067486604458047,3.4573636137893398,296.174,17.25,4.0,14.062780185828803
1132,50.0,-10.0,3.1115255255290557,2.6447966966996974,45.373,169.335,4.0,8.229352431616036
1133,50.0,-10.0,2.9794550116907024,2.532536759937097,-56.527,122.434,4.0,7.545579341685517
1134,50.0,-10.0,4.509539697080463,3.833108742518393,253.383,-201.357,4.0,17.285556037612867
1135,50.0,-10.0,3.0547461801709765,2.59653425314533,12.697,161.325,4.0,7.931753091478797
1136,50.0,-10.0,4.128422578053258,3.5091591913452693,144.011,-243.84,4.0,14.487292035532924
1137,50.0,-10.0,4.254541867369972,3.616360587264476,177.163,-237.971,4.0,15.385957526023372
1138,50.0,-10.0,4.420647182376305,3.757550105019859,310.337,-91.859,4.0,16.61080328439383
1139,50.0,-10.0,2.950488803057781,2.507915482599114,-92.973,78.014,4.0,7.399576550423938
1140,50.0,-10.0,3.237545002797108,2.751913252377542,113.698,167.301,4.0,8.909442998366048
1141,50.0,-10.0,3.5209778731958927,2.9928311922165087,205.673,128.914,4.0,10.53769240600481
1142,50.0,-10.0,2.990874024994207,2.5422429212450757,-120.764,-12.084,4.0,7.603528318377291
1143,50.0,-10.0,3.1997194528771757,2.7197615349455995,-84.552,-137.977,4.0,8.702473890552522
1144,50.0,-10.0,3.994211880477116,3.3950800984055487,117.021,-242.996,4.0,13.56066926422286
1145,50.0,-10.0,4.49223168690971,3.8183969338732533,262.745,-188.977,4.0,17.15312369954431
1146,50.0,-10.0,3.4483259408944056,2.9310770497602445,-19.036,-201.381,4.0,10.107309025448494
1147,50.0,-10.0,3.1539704656655685,2.6808748958157333,83.501,169.324,4.0,8.45540024354708
1148,50.0,-10.0,4.372276416226149,3.7164349537922265,217.814,-220.81,4.0,16.24928090090427
1149,50.0,-10.0,4.425276421279905,3.7614849580879195,305.576,-106.632,4.0,16.645610694025503
1150,50.0,-10.0,3.6318445073294905,3.087067831230067,234.262,103.78,4.0,11.21175034660648
1151,50.0,-10.0,3.6465494840346837,3.099567061429481,32.626,-226.916,4.0,11.302724668586574
1152,50.0,-10.0,4.229982334372993,3.5954849842170438,307.273,-42.234,4.0,15.208837966741454
1153,50.0,-10.0,3.7591020977037135,3.1952367830481565,259.165,74.664,4.0,12.01122129381639
1154,50.0,-10.0,3.901878880114775,3.3165970480975586,280.087,41.812,4.0,12.940959975822869
1155,50.0,-10.0,2.9234092150647935,2.4848978328050744,-84.743,86.883,4.0,7.2643732229168885
1156,50.0,-10.0,4.476594419537334,3.805105256606734,271.503,-176.162,4.0,17.03391295747788
1157,50.0,-10.0,3.398937743732075,2.8890970821722637,180.203,141.713,4.0,9.819861117901516
1158,50.0,-10.0,4.4318222031070285,3.767048872640974,300.112,-121.16,4.0,16.69489083395957
1159,50.0,-10.0,3.112995595065777,2.6460462558059104,-98.366,-111.033,4.0,8.237130338664091
1160,50.0,-10.0,3.0438572138199893,2.5872786317469907,-111.912,-75.239,4.0,7.875306727405389
1161,50.0,-10.0,2.973617072889391,2.527574511955982,-118.961,-24.049,4.0,7.516038721752378
1162,50.0,-10.0,3.7458255022019262,3.1839516768716374,63.432,-234.3,4.0,11.926527389004367
1163,50.0,-10.0,3.5318840627180332,3.002101453310328,9.868,-215.539,4.0,10.603074277609393
1164,50.0,-10.0,2.9740177983368197,2.527915128586297,-11.936,147.857,4.0,7.518064585100557
1165,50.0,-10.0,4.462691263622812,3.79328757407939,279.637,-162.942,4.0,16.928271317253063
1166,50.0,-10.0,4.056300565531881,3.4478554807020987,296.676,0.0,4.0,13.985538136244118
1167,50.0,-10.0,4.440268490267836,3.77422821672766,293.958,-135.41,4.0,16.758586625815592
1168,50.0,-10.0,2.9360541866403698,2.495646058644314,-45.159,127.067,4.0,7.327352058855176
1169,50.0,-10.0,4.450574045989507,3.7829879390910808,287.128,-149.348,4.0,16.8364679380101
1170,50.0,-10.0,3.296179499343469,2.8017525744419487,151.401,153.727,4.0,9.235079398108338
1171,50.0,-10.0,3.855984010738382,3.2775864091276246,93.923,-238.385,4.0,12.63832078740955
1172,50.0,-10.0,3.3370957346939836,2.836531374489886,-36.832,-185.166,4.0,9.465776751135861
1173,50.0,-10.0,3.249436939772676,2.7620213988067746,-57.901,-165.471,4.0,8.97501436172533
1174,50.0,-10.0,4.223849072553104,3.590271711670139,190.7,-227.267,4.0,15.164765839551562
1175,50.0,-10.0,4.348077000969964,3.695865450824469,229.548,-208.586,4.0,16.06990756540936
1176,50.0,-10.0,3.059083068509887,2.600220608233404,57.901,165.471,4.0,7.954290837037285
1177,50.0,-10.0,4.093809886518727,3.479738403540918,158.204,-234.88,4.0,14.2453874789147
1178,50.0,-10.0,3.0026185477632525,2.552225765598765,25.315,159.831,4.0,7.663360421866119
1179,50.0,-10.0,4.2284187193790075,3.594155911472156,304.508,-58.951,4.0,15.197596136435584
1180,50.0,-10.0,2.8916808028501704,2.457928682422645,-75.671,94.889,4.0,7.107545185736376
1181,50.0,-10.0,2.951513768573767,2.508786703287702,-115.976,-35.774,4.0,7.404718497168442
1182,50.0,-10.0,3.1934278341160756,2.714413658998664,123.978,159.832,4.0,8.668284131951195
1183,50.0,-10.0,3.4864759512013954,2.963504558521186,213.29,115.878,4.0,10.332187374559824
1184,50.0,-10.0,3.6057361643431047,3.064875739691639,239.667,90.601,4.0,11.051133293823966
1185,50.0,-10.0,3.9592442723904435,3.365357631531877,130.462,-236.053,4.0,13.324272927188053
1186,50.0,-10.0,3.152831409903913,2.6799066984183257,-73.466,-144.186,4.0,8.44929401438519
1187,50.0,-10.0,3.7382256902198736,3.1774918366868925,262.944,60.015,4.0,11.878181614366873
1188,50.0,-10.0,3.1072645148376346,2.6411748376119895,94.397,163.5,4.0,8.206828850393787
1189,50.0,-10.0,3.88605542892995,3.3031471145904576,282.072,25.146,4.0,12.836212777208548
1190,50.0,-10.0,4.0479302997734745,3.4407407548074533,296.174,-17.25,4.0,13.927878755050546
1191,50.0,-10.0,3.4037963738424373,2.8932269177660714,-6.354,-202.179,4.0,9.847955291395486
1192,50.0,-10.0,3.006368906036645,2.5554135701311482,-104.607,-85.104,4.0,7.682515899306377
1193,50.0,-10.0,4.229401043356878,3.5949908868533464,300.834,-75.492,4.0,15.204658207716012
1194,50.0,-10.0,4.325836687517583,3.6769611843899455,240.596,-195.739,4.0,15.90593359001213
1195,50.0,-10.0,3.0706640768319757,2.6100644653071794,-89.113,-118.588,4.0,8.014631191834415
1196,50.0,-10.0,3.601763320314245,3.061498822267108,46.952,-224.39,4.0,11.02679416322693
1197,50.0,-10.0,2.8893378303055233,2.4559371557596945,-33.418,130.647,4.0,7.096032132989434
1198,50.0,-10.0,2.9246291660873567,2.485934791174253,0.0,148.338,4.0,7.270437395259503
1199,50.0,-10.0,3.3602608759405337,2.8562217445494538,188.828,129.998,4.0,9.597650181220146
1200,50.0,-10.0,2.855434735027374,2.4271195247732678,-65.848,101.952,4.0,6.9304813971007215
1201,50.0,-10.0,4.195075505243249,3.5658141794567615,203.592,-215.794,4.0,14.958859720488116
1202,50.0,-10.0,3.4883637266826355,2.96510916768024,22.99,-214.536,4.0,10.343379266189888
1203,50.0,-10.0,3.255929591856682,2.76754015307818,160.491,144.212,4.0,9.010915881058818
1204,50.0,-10.0,2.924624730043109,2.485931020536643,-111.837,-47.143,4.0,7.270415339842771
1205,50.0,-10.0,3.703293211417832,3.147799229705157,77.876,-229.904,4.0,11.657223518273389
1206,50.0,-10.0,3.819696316305623,3.2467418688597793,107.026,-232.796,4.0,12.401567956478933
1207,50.0,-10.0,4.232935270814497,3.597994980192323,296.263,-91.807,4.0,15.230079855869592
1208,50.0,-10.0,4.305673440906524,3.6598224247705455,250.926,-182.308,4.0,15.758000212768653
1209,50.0,-10.0,3.2916424718078736,2.7978961010366925,-24.643,-187.179,4.0,9.20967363787803
1210,50.0,-10.0,4.060897262840375,3.4517626734143185,171.84,-225.096,4.0,14.017253592442781
1211,50.0,-10.0,3.199768386872954,2.7198031288420106,-45.373,-169.335,4.0,8.702740070186813
1212,50.0,-10.0,4.042429486822352,3.4360650637989987,294.67,-34.442,4.0,13.890050732541196
1213,50.0,-10.0,2.949168864102366,2.506793534487011,37.777,157.352,4.0,7.392957440642213
1214,50.0,-10.0,3.006054466976174,2.5551462969297476,70.105,160.681,4.0,7.680908939663297
1215,50.0,-10.0,4.238988576211803,3.603140289780032,290.807,-107.849,4.0,15.273670526866042
1216,50.0,-10.0,3.581654255707727,3.044406117351568,244.332,77.141,4.0,10.904010126314882
1217,50.0,-10.0,4.28767908634252,3.6445272233911417,260.507,-168.333,4.0,15.62656315534017
1218,50.0,-10.0,3.149947437478663,2.6774553218568635,133.77,151.732,4.0,8.433843530046637
1219,50.0,-10.0,3.8730817988537956,3.2921195290257264,283.067,8.392,4.0,12.75064822752067
1220,50.0,-10.0,3.454076335386284,2.935964885078341,220.081,102.394,4.0,10.141046831074208
1221,50.0,-10.0,3.719681051226871,3.1617288935428403,265.895,45.177,4.0,11.760623054427805
1222,50.0,-10.0,3.925536790943682,3.3367062723021292,143.492,-228.366,4.0,13.098363232494556
1223,50.0,-10.0,2.8202707228317903,2.3972301144070216,-102.235,34.447,4.0,6.760837907552826
1224,50.0,-10.0,2.824122507389375,2.4005041312809685,-105.36,23.191,4.0,6.779317746231762
1225,50.0,-10.0,4.247548511991581,3.6104162351928437,284.484,-123.569,4.0,15.335418107463608
1226,50.0,-10.0,4.271948425233121,3.6311561614481525,269.311,-153.856,4.0,15.512111845673978
1227,50.0,-10.0,2.965280461280649,2.5204883920885517,-96.435,-94.264,4.0,7.473954981944862
1228,50.0,-10.0,2.810743334517148,2.389131834339576,-97.911,45.299,4.0,6.7152363786526905
1229,50.0,-10.0,4.25854736141491,3.619765257202673,277.311,-138.92,4.0,15.414941785001805
1230,50.0,-10.0,2.8147937241061527,2.39257466549023,-55.369,108.002,4.0,6.734604152877276
1231,50.0,-10.0,3.060723616239743,2.6016150738037815,104.888,156.976,4.0,7.962824696756536
1232,50.0,-10.0,4.168366647137034,3.543111650066479,215.794,-203.592,4.0,14.768988429219775
1233,50.0,-10.0,3.1039773316433994,2.6383807318968895,-61.927,-149.505,4.0,8.189473984052666
1234,50.0,-10.0,2.8222940205148372,2.3989499174376117,-107.25,11.664,4.0,6.770542007498734
1235,50.0,-10.0,2.8931010136328488,2.4591358615879213,-106.588,-58.045,4.0,7.114528453820904
1236,50.0,-10.0,2.8394758984307025,2.413554513666097,-21.399,133.144,4.0,6.853229871103519
1237,50.0,-10.0,3.35902107747875,2.855167915856937,6.354,-202.179,4.0,9.590569209104526
1238,50.0,-10.0,3.0258810973335026,2.5719989327334773,-79.282,-125.374,4.0,7.782562952920172
1239,50.0,-10.0,2.7955913383769757,2.3762526376204294,-92.44,55.619,4.0,6.643031291527115
1240,50.0,-10.0,2.873338801591175,2.442337981352499,11.936,147.857,4.0,7.0176644884199995
1241,50.0,-10.0,4.039828371677866,3.433854115926186,292.169,-51.517,4.0,13.872181281721424
1242,50.0,-10.0,3.3234031935069765,2.82489271448093,196.693,117.76,4.0,9.388257468620514
1243,50.0,-10.0,3.5575313777933113,3.0239016711243147,61.089,-220.961,4.0,10.75762507838638
1244,50.0,-10.0,2.814777253157527,2.3925606651838978,-107.882,0.0,4.0,6.734525337159077
1245,50.0,-10.0,3.216877121542393,2.7343455533110337,168.984,134.159,4.0,8.79605365283744
1246,50.0,-10.0,3.784481112255496,3.2168089454171716,119.799,-226.489,4.0,12.173952695665806
1247,50.0,-10.0,4.029833039622192,3.425358083678863,184.873,-214.52,4.0,13.803621178146038
1248,50.0,-10.0,3.4450383197616166,2.928282571797374,36.026,-212.736,4.0,10.08804567093205
1249,50.0,-10.0,2.774860432855405,2.3586313679270945,-85.884,65.288,4.0,6.544872858552514
1250,50.0,-10.0,3.661680898876955,3.112428764045412,92.018,-224.617,4.0,11.396720954420294
1251,50.0,-10.0,3.863015657637579,3.283563308991942,283.067,-8.392,4.0,12.68445647548013
1252,50.0,-10.0,3.2456023850881293,2.75876202732491,-12.348,-188.39,4.0,8.95384461577629
1253,50.0,-10.0,3.703587463913978,3.148049344326881,268.01,30.197,4.0,11.659076087431655
1254,50.0,-10.0,3.5597128564575318,3.025755927988902,248.241,63.443,4.0,10.770822277364683
1255,50.0,-10.0,4.143855462719099,3.522277143311234,227.267,-190.7,4.0,14.59580738152088
1256,50.0,-10.0,2.8016232542412887,2.3813797661050953,-107.25,-11.664,4.0,6.671728929899716
1257,50.0,-10.0,4.040137241730335,3.4341166554707847,288.679,-68.418,4.0,13.874302592213938
1258,50.0,-10.0,3.893265400503276,3.3092755904277844,156.071,-219.961,4.0,12.883888156942543
1259,50.0,-10.0,3.4239912402222497,2.910392554188912,226.021,88.514,4.0,9.965158611150894
1260,50.0,-10.0,3.1072994800956666,2.6412045580813164,143.033,143.033,4.0,8.207013550152379
1261,50.0,-10.0,2.8946420015374947,2.4604457013068703,50.006,153.903,4.0,7.1221094695052445
1262,50.0,-10.0,2.7699463822730737,2.3544544249321127,-44.341,112.978,4.0,6.521712516567535
1263,50.0,-10.0,3.1488902278693764,2.67655669368897,-32.592,-172.252,4.0,8.428183217095565
1264,50.0,-10.0,2.952721602013294,2.5098133617113,81.916,154.993,4.0,7.41078013014656
1265,50.0,-10.0,2.748653855868832,2.336355777488507,-78.322,74.191,4.0,6.421833316475207
1266,50.0,-10.0,2.8570291819983185,2.4284748046985705,-100.279,-68.369,4.0,6.938223384771483
1267,50.0,-10.0,2.920742371812951,2.482631016041008,-87.463,-102.643,4.0,7.25112560212801
1268,50.0,-10.0,4.12167670582636,3.5034251999524058,237.971,-177.163,4.0,14.439986037248888
1269,50.0,-10.0,3.01456589199798,2.562381008198283,114.93,149.78,4.0,7.724466389617941
1270,50.0,-10.0,2.7867008976968024,2.368695763042282,-9.203,134.538,4.0,6.60084660924054
1271,50.0,-10.0,4.043372137040666,3.436866316484566,284.213,-85.088,4.0,13.89652950280728
1272,50.0,-10.0,2.782865888660135,2.3654360053611145,-105.36,-23.191,4.0,6.582691171127938
1273,50.0,-10.0,3.053368621960426,2.595363328666362,-50.006,-153.903,4.0,7.924600950336634
1274,50.0,-10.0,2.97880008302085,2.5319800705677222,-68.936,-131.347,4.0,7.542262444414268
1275,50.0,-10.0,4.000812181074986,3.400690353913738,197.257,-203.192,4.0,13.605523392002288
1276,50.0,-10.0,3.8559200914641627,3.2775320777445383,282.072,-25.146,4.0,12.637901788993448
1277,50.0,-10.0,3.3141756512009315,2.8170493035207915,19.036,-201.381,4.0,9.33619620996115
1278,50.0,-10.0,2.820356742315072,2.397303230967811,23.795,146.417,4.0,6.761250330833772
1279,50.0,-10.0,3.288572973843931,2.7952870277673414,203.765,105.048,4.0,9.192505373652208
1280,50.0,-10.0,3.7504446634327664,3.187877963917851,132.201,-219.481,4.0,11.955959897450619
1281,50.0,-10.0,3.690016687598952,3.136514184459109,269.281,15.123,4.0,11.573789681544929
1282,50.0,-10.0,3.179260790835235,2.7023716722099493,176.849,123.608,4.0,8.59154429972094
1283,50.0,-10.0,4.1019342049861525,3.4866440742382294,247.869,-163.026,4.0,14.301984588730072
1284,50.0,-10.0,2.717063476982209,2.3095039554348773,-69.841,82.224,4.0,6.275068847258052
1285,50.0,-10.0,4.049478879038398,3.4420570471826384,278.784,-101.469,4.0,13.93853731301137
1286,50.0,-10.0,3.5140354567293786,2.9869301382199716,74.98,-216.641,4.0,10.496178412478564
1287,50.0,-10.0,3.5400532947502836,3.009045300537741,251.384,49.549,4.0,10.652180730221486
1288,50.0,-10.0,3.40205619221314,2.891747763381169,48.928,-210.144,4.0,9.837888384729403
1289,50.0,-10.0,4.084763206282458,3.4720487253400893,256.929,-148.338,4.0,14.182496883689106
1290,50.0,-10.0,4.0584618449721255,3.4496925682263067,272.413,-117.507,4.0,14.000445665030366
1291,50.0,-10.0,3.6212276320330448,3.078043487228088,105.804,-218.462,4.0,11.146296128549706
1292,50.0,-10.0,3.8625676348992366,3.283182489664351,168.159,-210.864,4.0,12.68151442404542
1293,50.0,-10.0,4.070250809896022,3.4597131884116186,265.12,-133.148,4.0,14.081900407140338
1294,50.0,-10.0,3.1991517288253877,2.7192789695015795,0.0,-188.794,4.0,8.699386016439497
1295,50.0,-10.0,2.721067235990411,2.3129071505918493,-32.871,116.831,4.0,6.29357586736342
1296,50.0,-10.0,2.758596211120551,2.3448067794524685,-102.235,-34.447,4.0,6.468375097607361
1297,50.0,-10.0,3.3964092964013686,2.8869479019411632,231.087,74.291,4.0,9.805256692379393
1298,50.0,-10.0,3.8518607071871944,3.274081601109115,280.087,-41.812,4.0,12.611306271436739
1299,50.0,-10.0,2.8165666814467825,2.3940816792297652,-92.973,-78.014,4.0,6.74309069038072
1300,50.0,-10.0,3.0657180888949975,2.6058603755607477,151.732,133.77,4.0,7.9888332904912955
1301,50.0,-10.0,3.973954308134596,3.3778611619144066,208.948,-191.149,4.0,13.423465916670288
1302,50.0,-10.0,2.8393041949194844,2.4134085656815616,61.927,149.505,4.0,6.8524010645942734
1303,50.0,-10.0,2.8729479896997203,2.442005791244762,-77.767,-110.171,4.0,7.015755628791714
1304,50.0,-10.0,2.8993649074959804,2.4644601713715835,93.27,148.438,4.0,7.145369336796299
1305,50.0,-10.0,2.680243300229086,2.278206805194723,-60.542,89.293,4.0,6.106148526159466
1306,50.0,-10.0,3.097015636458851,2.632463290990023,-19.628,-174.206,4.0,8.152779974600028
1307,50.0,-10.0,3.6790684275371346,3.1272081634065643,269.706,0.0,4.0,11.505212820325479
1308,50.0,-10.0,2.9690194906762586,2.52366656707482,124.48,141.943,4.0,7.492815225613184
1309,50.0,-10.0,2.7312524235068922,2.3215645599808585,3.07,134.818,4.0,6.340778830775432
1310,50.0,-10.0,3.5227523078393075,2.994339461663411,253.749,35.502,4.0,10.54831624902909
1311,50.0,-10.0,3.717751017248811,3.1600883646614895,144.194,-211.795,4.0,11.748421732316384
1312,50.0,-10.0,2.9296134514034726,2.4901714336929515,-58.144,-136.468,4.0,7.295239728447541
1313,50.0,-10.0,3.2694459009539782,2.7790290158108815,31.643,-199.789,4.0,9.085885024375054
1314,50.0,-10.0,3.8508491830689406,3.2732218056085993,277.118,-58.331,4.0,12.604683516131317
1315,50.0,-10.0,3.2560188062263413,2.76761598529239,210.018,91.913,4.0,9.011409696524668
1316,50.0,-10.0,3.0012107512811115,2.5510291385889445,-37.777,-157.352,4.0,7.656176077564533
1317,50.0,-10.0,3.1432464212568947,2.6717594580683603,184.055,112.596,4.0,8.397998355032634
1318,50.0,-10.0,2.765926004660362,2.351037103961308,35.5,144.028,4.0,6.502794663767968
1319,50.0,-10.0,3.8335829702328654,3.2585455246979356,179.717,-201.104,4.0,12.491904631210522
1320,50.0,-10.0,2.728906275793277,2.3195703344242853,-97.911,-45.299,4.0,6.329890042754342
1321,50.0,-10.0,3.949416787208782,3.3570042691274646,219.904,-178.435,4.0,13.258209015223557
1322,50.0,-10.0,3.4715275534808994,2.9507984204587645,88.57,-211.45,4.0,10.243778021390517
1323,50.0,-10.0,3.359602385414247,2.8556620276021096,61.648,-206.77,4.0,9.593888959868933
1324,50.0,-10.0,3.5821297503931646,3.04481028783419,119.181,-211.462,4.0,10.906905516354026
1325,50.0,-10.0,3.3715150853336517,2.865787822533604,235.259,59.781,4.0,9.662046875037523
1326,50.0,-10.0,2.668408071777907,2.2681468610112208,-21.075,119.524,4.0,6.052341391900065
1327,50.0,-10.0,3.670771696111582,3.120155941694845,269.281,-15.123,4.0,11.453380118227816
1328,50.0,-10.0,3.852899412554283,3.2749645006711403,273.176,-74.645,4.0,12.618108800771967
1329,50.0,-10.0,2.638341023858373,2.242589870279617,-50.533,95.315,4.0,5.916716854447941
1330,50.0,-10.0,2.771881134097352,2.356098963982749,-84.743,-86.883,4.0,6.530826268330098
1331,50.0,-10.0,3.1524831791774846,2.6796107023008617,12.348,-188.39,4.0,8.447427665747433
1332,50.0,-10.0,3.9273554911328605,3.3382521674629313,230.089,-165.094,4.0,13.110502980671717
1333,50.0,-10.0,3.025403440825464,2.5715929247016445,159.832,123.978,4.0,7.780106082794774
1334,50.0,-10.0,3.5079222674101866,2.9817339272986585,255.33,21.345,4.0,10.459690839063391
1335,50.0,-10.0,3.8579930065732184,3.2792940555872354,268.274,-90.698,4.0,12.651493532952681
1336,50.0,-10.0,3.6865351776080573,3.1335549009668484,155.741,-203.454,4.0,11.55196037338042
1337,50.0,-10.0,3.806460042512927,3.2354910361359877,190.711,-190.711,4.0,12.315767346960385
1338,50.0,-10.0,2.8220833902695914,2.3987708817291526,-67.426,-116.786,4.0,6.7695314623901846
1339,50.0,-10.0,2.7834603837468634,2.3659413261848337,73.466,144.186,4.0,6.585503951705
1340,50.0,-10.0,3.907885814564342,3.3217029423796904,239.465,-151.174,4.0,12.980835808722228
1341,50.0,-10.0,2.9243009812689924,2.4856558340786434,133.497,133.497,4.0,7.268805794693173
1342,50.0,-10.0,2.6939360938567347,2.2898456797782245,-92.44,-55.619,4.0,6.16869792611647
1343,50.0,-10.0,2.846292701708306,2.41934879645206,104.102,141.053,4.0,6.8861748222282735
1344,50.0,-10.0,3.044388879396239,2.587730547486803,-6.555,-175.186,4.0,7.878058101642765
1345,50.0,-10.0,3.8660965634157236,3.286182078903365,262.43,-106.431,4.0,12.704697242006636
1346,50.0,-10.0,3.6652097262934555,3.1154282673494373,268.01,-30.197,4.0,11.418697987058726
1347,50.0,-10.0,2.673378299839178,2.2723715548633012,15.317,133.98,4.0,6.074908803943361
1348,50.0,-10.0,3.891115797972475,3.3074484282766035,248.0,-136.722,4.0,12.869664830246323
1349,50.0,-10.0,3.2259266080833258,2.7420376168708267,215.424,78.408,4.0,8.845612108628991
1350,50.0,-10.0,3.10907859722648,2.642716807642508,190.577,101.166,4.0,8.216414265172011
1351,50.0,-10.0,3.877163725097054,3.295589166332496,255.664,-121.791,4.0,12.777538768527194
1352,50.0,-10.0,3.225000460693293,2.7412503915892987,44.126,-197.408,4.0,8.840533775751158
1353,50.0,-10.0,2.878496980299074,2.446722433254213,-46.974,-140.704,4.0,7.0428831357522546
1354,50.0,-10.0,2.710281272539753,2.30373908165879,46.974,140.704,4.0,6.2437808898377485
1355,50.0,-10.0,2.947732703281189,2.5055727977890108,-25.315,-159.831,4.0,7.385758876494413
1356,50.0,-10.0,3.3494617757873995,2.8470425094192895,238.52,45.039,4.0,9.536060059341747
1357,50.0,-10.0,2.591547764819112,2.202815600096245,-39.931,100.22,4.0,5.708701844738094
1358,50.0,-10.0,3.4301806655830296,2.915653565745575,101.802,-205.406,4.0,10.00121848875869
1359,50.0,-10.0,3.4956328819275413,2.97128794963841,256.121,7.122,4.0,10.38653185843109
1360,50.0,-10.0,3.544580726719511,3.012893617711584,132.097,-203.643,4.0,10.679444648996704
1361,50.0,-10.0,3.781306440030574,3.214110474025988,201.104,-179.717,4.0,12.15353663440419
1362,50.0,-10.0,3.3178703207106848,2.820189772604082,74.139,-202.627,4.0,9.357023945294898
1363,50.0,-10.0,2.6121853617557207,2.2203575574923624,-9.07,121.028,4.0,5.799985509545235
1364,50.0,-10.0,3.6623883132914408,3.1130300662977244,265.895,-45.177,4.0,11.401124933733664
1365,50.0,-10.0,3.6569555449041125,3.1084122131684957,166.808,-194.484,4.0,11.367325278794194
1366,50.0,-10.0,2.7231747789930063,2.3146985621440552,-75.671,-94.889,4.0,6.303328745402067
1367,50.0,-10.0,2.9866086989240612,2.538617394085452,167.301,113.698,4.0,7.581856792415543
1368,50.0,-10.0,3.105780037441435,2.6399130318252197,24.643,-187.179,4.0,8.198989194824263
1369,50.0,-10.0,2.653815956311568,2.255743562864833,-85.884,-65.288,4.0,5.9863282604778
1370,50.0,-10.0,3.758280097187708,3.1945380826095517,210.864,-168.159,4.0,12.005968895579661
1371,50.0,-10.0,2.8806848943253867,2.4485821601765787,141.943,124.48,4.0,7.053593641335294
1372,50.0,-10.0,3.662342711512871,3.11299130478594,262.944,-60.015,4.0,11.40084101608573
1373,50.0,-10.0,3.198536596921429,2.7187561073832147,219.964,64.587,4.0,8.69604090756886
1374,50.0,-10.0,2.7683919370492043,2.3531331464918237,-56.527,-122.434,4.0,6.514394829551189
1375,50.0,-10.0,3.076949449060275,2.615407031701234,196.39,89.36,4.0,8.047475225261481
1376,50.0,-10.0,3.4859752782898195,2.9630789865463463,256.121,-7.122,4.0,10.329220094720617
1377,50.0,-10.0,2.7274027624472055,2.3182923480801247,84.552,137.977,4.0,6.322916954313951
1378,50.0,-10.0,2.793831204723827,2.374756524015253,114.352,132.879,4.0,6.634668880415303
1379,50.0,-10.0,3.330431202202319,2.830866521871971,240.859,30.123,4.0,9.428006193712365
1380,50.0,-10.0,2.9912509265478606,2.5425632875656814,6.555,-175.186,4.0,7.605444789737419
1381,50.0,-10.0,3.1810302709460814,2.703875730304169,56.434,-194.247,4.0,8.601110546974004
1382,50.0,-10.0,2.6133819524938633,2.2213746596197836,27.437,132.032,4.0,5.805300445177541
1383,50.0,-10.0,3.629136027924134,3.084765623735514,177.358,-184.913,4.0,11.195034062800417
1384,50.0,-10.0,2.5400897501466266,2.1590762876246328,-28.862,103.95,4.0,5.48424754797996
1385,50.0,-10.0,3.737483354243015,3.1768608511065626,219.961,-156.071,4.0,11.873464549757076
1386,50.0,-10.0,2.825681005369817,2.4018288545643443,-35.5,-144.028,4.0,6.786802172491612
1387,50.0,-10.0,3.6650546983236696,3.1152964935751193,259.165,-74.664,4.0,11.417732050448745
1388,50.0,-10.0,3.5088118875424037,2.9824901044110432,144.502,-195.037,4.0,10.464996732835054
1389,50.0,-10.0,2.6537193462009356,2.255661444270795,58.144,136.468,4.0,5.985892413140953
1390,50.0,-10.0,3.390260548500086,2.881721466225073,114.625,-198.536,4.0,9.769786598708688
1391,50.0,-10.0,3.277046241351837,2.7854893051490612,86.354,-197.73,4.0,9.128177257764472
1392,50.0,-10.0,2.893188437321277,2.459210171723085,-12.697,-161.325,4.0,7.1149584337721015
1393,50.0,-10.0,3.7190336048077457,3.1611785640865837,228.366,-143.492,4.0,11.756529310635901
1394,50.0,-10.0,3.670523461642982,3.1199449423965344,254.571,-89.078,4.0,11.45183111010084
1395,50.0,-10.0,2.9495523539508546,2.5071195008582263,174.11,102.969,4.0,7.394880225392473
1396,50.0,-10.0,3.479004535130155,2.9571538548606315,255.33,-21.345,4.0,10.287951672137757
1397,50.0,-10.0,2.5526926570497466,2.1697887584922846,3.026,121.33,4.0,5.53880383115234
1398,50.0,-10.0,2.67067191123268,2.270071124547778,-65.848,-101.952,4.0,6.062615188830134
1399,50.0,-10.0,3.6787128739653525,3.1269059428705495,249.176,-103.212,4.0,11.50298914771666
1400,50.0,-10.0,3.7030396712881384,3.1475837205949175,236.053,-130.462,4.0,11.6556273860637
1401,50.0,-10.0,3.059243513944888,2.600356986853155,36.832,-185.166,4.0,7.955125245971786
1402,50.0,-10.0,2.6087448698976186,2.2174331394129756,-78.322,-74.191,4.0,5.784717326784571
1403,50.0,-10.0,3.6895608570753224,3.136126728514024,242.996,-117.021,4.0,11.57093042035303
1404,50.0,-10.0,3.174014838748992,2.6979126129366433,223.617,50.506,4.0,8.563214667108973
1405,50.0,-10.0,3.603237460700036,3.0627518415950306,187.361,-174.771,4.0,11.035822168463236
1406,50.0,-10.0,3.314548123583739,2.817365905046178,242.266,15.091,4.0,9.338294874019612
1407,50.0,-10.0,3.0470611401679366,2.590001969142746,201.473,77.221,4.0,7.891894353133297
1408,50.0,-10.0,2.8384048889331885,2.41264415559321,149.78,114.93,4.0,6.848060966491852
1409,50.0,-10.0,3.4747426620447266,2.9535312627380175,253.749,-35.502,4.0,10.262761082318622
1410,50.0,-10.0,3.475013565129737,2.953761530360276,156.348,-185.676,4.0,10.264361386160331
1411,50.0,-10.0,2.7120946671302404,2.305280467060704,-45.159,-127.067,4.0,6.252138860954846
1412,50.0,-10.0,3.137773842255452,2.6671077659171343,68.52,-190.321,4.0,8.368780982371161
1413,50.0,-10.0,2.6714998375447685,2.270774861913053,95.117,130.918,4.0,6.066374674701466
1414,50.0,-10.0,2.7423291525925704,2.330979779703685,123.962,123.962,4.0,6.392313803985222
1415,50.0,-10.0,2.484187373665369,2.1115592676155632,-17.453,106.461,4.0,5.245508871356676
1416,50.0,-10.0,3.351965372927501,2.849170566988376,126.986,-190.866,4.0,9.550321082109251
1417,50.0,-10.0,3.5793583642119993,3.0424546095801994,196.784,-164.088,4.0,10.89003535453624
1418,50.0,-10.0,2.937877132939197,2.4971955629983174,19.628,-174.206,4.0,7.33645374100998
1419,50.0,-10.0,2.55158645897024,2.168848490124704,39.329,128.99,4.0,5.534004438960245
1420,50.0,-10.0,3.237339571835224,2.7517386360599403,98.248,-192.098,4.0,8.90831237786473
1421,50.0,-10.0,2.7713679520394514,2.3556627592335335,-23.795,-146.417,4.0,6.528408276752641
1422,50.0,-10.0,2.5965367802722796,2.2070562632314377,68.936,131.347,4.0,5.730702763610726
1423,50.0,-10.0,2.9144643889565467,2.477294730613065,180.232,91.833,4.0,7.219987273321479
1424,50.0,-10.0,3.473229753425924,2.9522452904120353,251.384,-49.549,4.0,10.25382618207064
1425,50.0,-10.0,3.3019194888264156,2.806631565502453,242.735,0.0,4.0,9.267271464087942
1426,50.0,-10.0,3.1525670678875413,2.67968200770441,226.37,36.222,4.0,8.447877249899692
1427,50.0,-10.0,2.837821211018432,2.412148029365667,0.0,-161.823,4.0,6.845244841850201
1428,50.0,-10.0,2.490237453964977,2.1167018358702308,15.091,120.426,4.0,5.271090190560477
1429,50.0,-10.0,3.019597447120492,2.566657830052418,205.806,64.794,4.0,7.750273431258103
1430,50.0,-10.0,3.5576433003626384,3.0239968053082427,205.599,-152.898,4.0,10.758301974722892
1431,50.0,-10.0,2.5589082687997413,2.17507202847978,-69.841,-82.224,4.0,5.5658097989119355
1432,50.0,-10.0,3.0131065019265106,2.561140526637534,48.863,-182.361,4.0,7.716989173159042
1433,50.0,-10.0,2.614590668185475,2.222402067957654,-55.369,-108.002,4.0,5.810671707838184
1434,50.0,-10.0,3.474457700624589,2.9532890455309007,248.241,-63.443,4.0,10.26107786641508
1435,50.0,-10.0,3.4433975643022556,2.926887929656917,167.589,-175.597,4.0,10.0784387679663
1436,50.0,-10.0,2.797737690335223,2.3780770367849393,156.976,104.888,4.0,6.653235756333927
1437,50.0,-10.0,3.538214408999452,3.007482247649534,213.779,-141.236,4.0,10.641117023443641
1438,50.0,-10.0,3.4784503922388517,2.9566828334030237,244.332,-77.141,4.0,10.284674561576628
1439,50.0,-10.0,3.2926674646625043,2.7987673449631285,242.266,-15.091,4.0,9.215410177919953
1440,50.0,-10.0,3.315539912371019,2.818208925515366,138.836,-182.428,4.0,9.34388417394644
1441,50.0,-10.0,3.095406265942281,2.631095326050939,80.335,-185.643,4.0,8.144308958549525
1442,50.0,-10.0,3.5211491313673116,2.9929767616622147,221.297,-129.137,4.0,10.538717524529456
1443,50.0,-10.0,3.485158236499344,2.962384501024442,239.667,-90.601,4.0,10.324378743423333
1444,50.0,-10.0,3.1989364168236207,2.7190959543000774,109.776,-185.751,4.0,8.698215069048294
1445,50.0,-10.0,2.4241499010695367,2.0605274159091063,-5.841,107.724,4.0,4.995027331427128
1446,50.0,-10.0,2.6921616368770365,2.2883373913454808,132.879,114.352,4.0,6.160574137211577
1447,50.0,-10.0,2.61610391898136,2.223688331134156,105.096,123.051,4.0,5.817399757673186
1448,50.0,-10.0,2.653483679328375,2.2554611274291188,-33.418,-130.647,4.0,5.984829290992742
1449,50.0,-10.0,3.5065728282669957,2.9805869040269464,228.132,-116.639,4.0,10.451645049949338
1450,50.0,-10.0,3.4945545281828774,2.9703713489554455,234.262,-103.78,4.0,10.380124647876935
1451,50.0,-10.0,2.8815892251025383,2.4493508413371576,185.643,80.335,4.0,7.05802299289299
1452,50.0,-10.0,3.134357640264688,2.6642039942249847,228.212,21.792,4.0,8.350568144522779
1453,50.0,-10.0,3.4141543220171844,2.9020311737146067,178.182,-164.838,4.0,9.907982274366328
1454,50.0,-10.0,2.8845645085503717,2.451879832267816,32.592,-172.252,4.0,7.07260554339018
1455,50.0,-10.0,2.994757896441308,2.5455442119751117,209.373,52.127,4.0,7.623288629552933
1456,50.0,-10.0,2.715835916799788,2.3084605292798197,-11.936,-147.857,4.0,6.2694000179327825
1457,50.0,-10.0,2.4883476643806883,2.115095514723585,50.896,124.879,4.0,5.263092984004502
1458,50.0,-10.0,2.5390659757728717,2.158206079406941,79.282,125.374,4.0,5.479827624928328
1459,50.0,-10.0,3.286836472500699,2.793811001625594,240.859,-30.123,4.0,9.182799897416713
1460,50.0,-10.0,2.9675813564302285,2.522444152965694,60.686,-178.775,4.0,7.485558240977433
1461,50.0,-10.0,2.5045616472427454,2.1288774001563335,-60.542,-89.293,4.0,5.3319046881134
1462,50.0,-10.0,2.781969479407079,2.3646740574960172,12.697,-161.325,4.0,6.57845105669962
1463,50.0,-10.0,2.758951779768136,2.3451090128029155,163.5,94.397,4.0,6.4700426846229
1464,50.0,-10.0,2.425161034019738,2.0613868789167773,27.007,118.325,4.0,4.999195134788532
1465,50.0,-10.0,3.2811959619140114,2.7890165676269096,150.127,-173.255,4.0,9.151309899408693
1466,50.0,-10.0,2.555228831093691,2.171944506429637,-44.341,-112.978,4.0,5.549815222364565
1467,50.0,-10.0,3.387479617762972,2.879357675098526,188.085,-153.442,4.0,9.753765436645635
1468,50.0,-10.0,3.1195092145638204,2.651582832379247,229.134,7.274,4.0,8.271637078786295
1469,50.0,-10.0,3.0541538272382196,2.5960307531524864,91.833,-180.232,4.0,7.928677260368784
1470,50.0,-10.0,3.1620504601314945,2.6877428911117702,120.896,-178.713,4.0,8.498778645555126
1471,50.0,-10.0,3.2844802656223795,2.7918082257790227,238.52,-45.039,4.0,9.169639022973428
1472,50.0,-10.0,2.8511448630499103,2.423473133592424,190.321,68.52,4.0,6.9096729755815085
1473,50.0,-10.0,2.9727141464348374,2.526807024469612,212.161,39.266,4.0,7.511474986951733
1474,50.0,-10.0,2.6437082428145167,2.247152006392339,141.053,104.102,4.0,5.940814282156606
1475,50.0,-10.0,2.36027147382783,2.0062307527536554,5.841,107.724,4.0,4.735249215640587
1476,50.0,-10.0,3.363552851548166,2.859019923815941,197.261,-141.452,4.0,9.616464617384128
1477,50.0,-10.0,2.56162627291541,2.177382331978098,114.426,114.426,4.0,5.577639787776919
1478,50.0,-10.0,3.285630806390186,2.792786185431658,235.259,-59.781,4.0,9.17606432651519
1479,50.0,-10.0,2.5928380113927973,2.2039123096838775,-21.399,-133.144,4.0,5.714387610324852
1480,50.0,-10.0,2.8316303603831887,2.40688580632571,45.373,-169.335,4.0,6.815410923167252
1481,50.0,-10.0,3.2491640043651504,2.761789403710378,160.813,-163.385,4.0,8.973506718172851
1482,50.0,-10.0,2.6593520436836435,2.260449237131097,0.0,-148.338,4.0,6.0113302984077155
1483,50.0,-10.0,3.1081663665458876,2.6419414115640043,229.134,-7.274,4.0,8.211593437808006
1484,50.0,-10.0,2.481669817090129,2.1094193445266094,89.113,118.588,4.0,5.23488231889773
1485,50.0,-10.0,3.342521827752698,2.8411435535897933,205.673,-128.914,4.0,9.496584343652751
1486,50.0,-10.0,2.9228989863676813,2.484464138412529,72.248,-174.423,4.0,7.261837711832836
1487,50.0,-10.0,2.4240821532080177,2.060469830226815,62.041,119.734,4.0,4.994748142676377
1488,50.0,-10.0,2.72231198919763,2.3139651908179855,169.324,83.501,4.0,6.299335181549783
1489,50.0,-10.0,3.2902534291400873,2.796715414769074,231.087,-74.291,4.0,9.201902483772887
1490,50.0,-10.0,3.126889300195796,2.6578559051664263,131.567,-171.01,4.0,8.310821191327111
1491,50.0,-10.0,3.324566001561349,2.8258811013271465,213.29,-115.878,4.0,9.394828233926974
1492,50.0,-10.0,3.298328513145128,2.8035792361733587,226.021,-88.514,4.0,9.247125333532228
1493,50.0,-10.0,2.4459589728766997,2.0790651269451947,-50.533,-95.315,4.0,5.0853080024466335
1494,50.0,-10.0,3.3097938608336985,2.8133247817086438,220.081,-102.394,4.0,9.311525091030575
1495,50.0,-10.0,2.9536472982144115,2.51060020348225,214.161,26.259,4.0,7.415427507911899
1496,50.0,-10.0,2.725911768172894,2.31702500294696,25.315,-159.831,4.0,6.316005722683953
1497,50.0,-10.0,3.014251474879119,2.562113753647251,102.969,-174.11,4.0,7.722855160739302
1498,50.0,-10.0,2.8233425241154366,2.399841145498121,194.247,56.434,4.0,6.775573557206746
1499,50.0,-10.0,2.3578634383591917,2.004183922605313,38.654,115.048,4.0,4.725591994858375
1500,50.0,-10.0,2.2929277772781687,2.0,17.453,106.461,4.0,4.585855554556337
1501,50.0,-10.0,2.492873788606097,2.1189427203151827,-32.871,-116.831,4.0,5.282256767031419
1502,50.0,-10.0,3.1004238378258995,2.6353602621520147,228.212,-21.792,4.0,8.170733778035219
1503,50.0,-10.0,3.219658824577735,2.7367100008910747,170.852,-152.857,4.0,8.81127250467909
1504,50.0,-10.0,2.5973801886030614,2.2077731603126023,148.438,93.27,4.0,5.7344262675255235
1505,50.0,-10.0,2.508500304462119,2.132225258792801,123.051,105.096,4.0,5.348687710863562
1506,50.0,-10.0,2.937665882682981,2.4970160002805337,215.363,13.154,4.0,7.335398712537641
1507,50.0,-10.0,3.0936610259271404,2.6296118720380695,141.747,-162.672,4.0,8.135127761839483
1508,50.0,-10.0,2.6881044085169687,2.2848887472394233,174.423,72.248,4.0,6.142019514425107
1509,50.0,-10.0,2.8793123918173222,2.447415533044724,83.501,-169.324,4.0,7.0468738722218704
1510,50.0,-10.0,3.096320924092894,2.63187278547896,226.37,-36.222,4.0,8.149122775229154
1511,50.0,-10.0,2.7794028764393244,2.3624924449734257,57.901,-165.471,4.0,6.566318297125312
1512,50.0,-10.0,3.1928792053020905,2.7139473245067767,180.203,-141.713,4.0,8.665305976702932
1513,50.0,-10.0,2.530513635276374,2.150936589984918,-9.203,-134.538,4.0,5.4429743695717026
1514,50.0,-10.0,2.798434328935026,2.3786691795947723,197.408,44.126,4.0,6.656549489357726
1515,50.0,-10.0,2.6022163786214514,2.2118839218282336,11.936,-147.857,4.0,5.755800568990879
1516,50.0,-10.0,2.975921674167732,2.529533423042572,113.698,-167.301,4.0,7.527693339164085
1517,50.0,-10.0,2.424746114071763,2.0610341969609984,98.366,111.033,4.0,4.997484660050198
1518,50.0,-10.0,2.222515897803162,2.0,28.862,103.95,4.0,4.445031795606324
1519,50.0,-10.0,2.28877839976949,2.0,49.917,110.627,4.0,4.57755679953898
1520,50.0,-10.0,2.359215221853199,2.0053329385752194,72.672,113.596,4.0,4.731011993570264
1521,50.0,-10.0,3.095913730500315,2.6315266709252674,223.617,-50.506,4.0,8.146979552695319
1522,50.0,-10.0,2.670013205771403,2.2695112249056923,37.777,-157.352,4.0,6.059624941144631
1523,50.0,-10.0,3.1690184474324044,2.693665680317544,188.828,-129.998,4.0,8.536276232141853
1524,50.0,-10.0,2.3834062071093056,2.0258952760429096,-39.931,-100.22,4.0,4.828531375874091
1525,50.0,-10.0,2.9249290105506445,2.4861896589680477,215.765,0.0,4.0,7.271928259246656
1526,50.0,-10.0,3.0625523776520978,2.603169521004283,151.401,-153.727,4.0,7.97234300598314
1527,50.0,-10.0,3.099205947003968,2.634325054953373,219.964,-64.587,4.0,8.164315876653049
1528,50.0,-10.0,3.1482712874425287,2.6760305943261495,196.693,-117.76,4.0,8.424870284434782
1529,50.0,-10.0,2.4279069427615836,2.063720901347346,-21.075,-119.524,4.0,5.010522304303414
1530,50.0,-10.0,2.6565952930306924,2.2581059990760886,178.775,60.686,4.0,5.998873768309906
1531,50.0,-10.0,2.5535935853139975,2.1705545475168977,154.993,81.916,4.0,5.542714169113276
1532,50.0,-10.0,2.7765783372348443,2.3600915866496175,199.789,31.643,4.0,6.55297917338154
1533,50.0,-10.0,3.10614680955446,2.6402247881212912,215.424,-78.408,4.0,8.20092580212955
1534,50.0,-10.0,3.130780179249869,2.6611631523623887,203.765,-105.048,4.0,8.331516851166265
1535,50.0,-10.0,2.8370818821321673,2.411519599812342,94.397,-163.5,4.0,6.8416785650342105
1536,50.0,-10.0,3.116711739359119,2.6492049784552507,210.018,-91.913,4.0,8.2568082563201
1537,50.0,-10.0,2.939398437797204,2.4984886721276234,123.978,-159.832,4.0,7.344053699705947
1538,50.0,-10.0,2.149505501621727,2.0,39.931,100.22,4.0,4.299011003243454
1539,50.0,-10.0,2.4571677514290413,2.0885925887146852,130.918,95.117,4.0,5.132022354863423
1540,50.0,-10.0,2.2184247847150633,2.0,60.684,105.107,4.0,4.436849569430127
1541,50.0,-10.0,2.9155030596092937,2.4781776006678995,215.363,-13.154,4.0,7.22513437700248
1542,50.0,-10.0,2.294264168080055,2.0,82.701,106.517,4.0,4.58852833616011
1543,50.0,-10.0,2.7282290896555286,2.3189947262071993,70.105,-160.681,4.0,6.326748870796239
1544,50.0,-10.0,3.033791264036421,2.578722574430958,160.491,-144.212,4.0,7.82330601868215
1545,50.0,-10.0,2.54475571297374,2.163042356027679,23.795,-146.417,4.0,5.504414392905614
1546,50.0,-10.0,2.368720870320696,2.013412739772592,106.982,102.757,4.0,4.769212777268911
1547,50.0,-10.0,2.466886116693785,2.096853199189717,3.07,-134.818,4.0,5.172698045826061
1548,50.0,-10.0,2.317259514058373,2.0,-28.862,-103.95,4.0,4.634519028116746
1549,50.0,-10.0,2.757967123376072,2.344272054869661,201.381,19.036,4.0,6.465425255579792
1550,50.0,-10.0,2.909498873000808,2.4730740420506865,214.161,-26.259,4.0,7.195406138194024
1551,50.0,-10.0,2.6146420017511796,2.2224457014885024,50.006,-153.903,4.0,5.810899877723203
1552,50.0,-10.0,2.628033596772992,2.233828557257043,182.361,48.863,4.0,5.870576497902451
1553,50.0,-10.0,3.0075380182360565,2.556407315500648,168.984,-134.159,4.0,7.6884921914649755
1554,50.0,-10.0,2.904919316137552,2.469181418716919,133.77,-151.732,4.0,7.172772798278704
1555,50.0,-10.0,2.7964673627258843,2.3769972583170014,104.888,-156.976,4.0,6.647195254172402
1556,50.0,-10.0,2.5127860774420125,2.135868165825711,160.681,70.105,4.0,5.366979790338454
1557,50.0,-10.0,2.074428882497898,2.0,50.533,95.315,4.0,4.148857764995796
1558,50.0,-10.0,2.147378267518321,2.0,70.848,98.543,4.0,4.294756535036642
1559,50.0,-10.0,2.9069302071566883,2.470890676083185,212.161,-39.266,4.0,7.182706744888022
1560,50.0,-10.0,2.2297759503551404,2.0,92.044,98.555,4.0,4.459551900710281
1561,50.0,-10.0,2.984009124802168,2.536407756081843,176.849,-123.608,4.0,7.568663888367212
1562,50.0,-10.0,2.3606903220225868,2.006586773719199,-9.07,-121.028,4.0,4.736929977017439
1563,50.0,-10.0,2.4081168418185817,2.046899315545794,137.977,84.552,4.0,4.929172715272754
1564,50.0,-10.0,2.7427731251749448,2.331357156398703,202.179,6.354,4.0,6.394383753754643
1565,50.0,-10.0,2.314080397163447,2.0,114.903,93.816,4.0,4.628160794326894
1566,50.0,-10.0,2.678497971271562,2.2767232755808275,81.916,-154.993,4.0,6.098198674789992
1567,50.0,-10.0,2.907853917077075,2.4716758295155135,209.373,-52.127,4.0,7.187272242601415
1568,50.0,-10.0,2.24787979509429,2.0,-17.453,-106.461,4.0,4.49575959018858
1569,50.0,-10.0,2.9633344492974327,2.5188342819028176,184.055,-112.596,4.0,7.46414839963398
1570,50.0,-10.0,2.8727014680525023,2.4417962478446267,143.033,-143.033,4.0,7.014551665868351
1571,50.0,-10.0,2.6026892971402233,2.2122859025691897,185.166,36.832,4.0,5.757892840831029
1572,50.0,-10.0,2.9122428172906063,2.4754063946970155,205.806,-64.794,4.0,7.208984492831619
1573,50.0,-10.0,2.4873409701651683,2.114239824640393,35.5,-144.028,4.0,5.25883533658287
1574,50.0,-10.0,2.9457054305815977,2.503849615994358,190.577,-101.166,4.0,7.375603411194228
1575,50.0,-10.0,2.9200637025133602,2.482054147136356,201.473,-77.221,4.0,7.247756222725629
1576,50.0,-10.0,2.931243482178556,2.4915569598517724,196.39,-89.36,4.0,7.303360099042126
1577,50.0,-10.0,2.7577426275624255,2.3440812334280614,114.93,-149.78,4.0,6.4643727398936734
1578,50.0,-10.0,2.402358003905994,2.042004303320095,15.317,-133.98,4.0,4.9056253820915146
1579,50.0,-10.0,2.7311173843718697,2.321449776716089,202.179,-6.354,4.0,6.340151842135506
1580,50.0,-10.0,2.560194908008895,2.1761656718075604,61.927,-149.505,4.0,5.571408271945471
1581,50.0,-10.0,2.0762740941302193,2.0,80.307,90.999,4.0,4.152548188260439
1582,50.0,-10.0,2.1663954511501875,2.0,100.625,89.777,4.0,4.332790902300375
1583,50.0,-10.0,2.4753781319595256,2.1040714121655966,165.471,57.901,4.0,5.208372361755916
1584,50.0,-10.0,2.2613231505568083,2.0,122.08,84.266,4.0,4.522646301113617
1585,50.0,-10.0,2.8429910597022006,2.4165424007468705,151.732,-133.77,4.0,6.870208440714645
1586,50.0,-10.0,2.291680056303792,2.0,3.026,-121.33,4.0,4.583360112607584
1587,50.0,-10.0,2.5808004028775846,2.193680342445947,187.179,24.643,4.0,5.6614511115691375
1588,50.0,-10.0,2.361864026362988,2.0075844224085397,144.186,73.466,4.0,4.741641427173447
1589,50.0,-10.0,2.1757432219660666,2.0,-5.841,-107.724,4.0,4.351486443932133
1590,50.0,-10.0,2.7231061833012493,2.314640255806062,201.381,-19.036,4.0,6.303011192703472
1591,50.0,-10.0,2.630597217033452,2.236007634478434,93.27,-148.438,4.0,5.882035460524521
1592,50.0,-10.0,2.7211836853992635,2.313006132589374,124.48,-141.943,4.0,6.29411455223065
1593,50.0,-10.0,2.815986085418408,2.393588172605647,159.832,-123.978,4.0,6.740310988279576
1594,50.0,-10.0,2.7188232909140866,2.3109997972769736,199.789,-31.643,4.0,6.283200074134368
1595,50.0,-10.0,2.1048049907426543,2.0,108.372,80.255,4.0,4.2096099814853085
1596,50.0,-10.0,2.4303463304063526,2.0657943808453996,46.974,-140.704,4.0,5.0205957928616805
1597,50.0,-10.0,2.0058865637568344,2.0,88.969,82.551,4.0,4.011773127513669
1598,50.0,-10.0,2.210984373001799,2.0,128.465,74.169,4.0,4.421968746003598
1599,50.0,-10.0,2.4417856078773124,2.0755177666957154,169.335,45.373,4.0,5.0679694116112595
1600,50.0,-10.0,2.562559588900169,2.1781756505651435,188.39,12.348,4.0,5.581704899664572
1601,50.0,-10.0,2.3374049633369878,2.0,27.437,-132.032,4.0,4.6748099266739755
1602,50.0,-10.0,2.7919189678863585,2.3731311227034046,167.301,-113.698,4.0,6.625589794757085
1603,50.0,-10.0,2.5071132654858235,2.13104627566295,73.466,-144.186,4.0,5.34277438707874
1604,50.0,-10.0,2.221375278080926,2.0,15.091,-120.426,4.0,4.442750556161852
1605,50.0,-10.0,2.7182931002672883,2.310549135227195,197.408,-44.126,4.0,6.280749772116635
1606,50.0,-10.0,2.31890916496015,2.0,149.505,61.927,4.0,4.6378183299203
1607,50.0,-10.0,2.6870454167382176,2.283988604227485,133.497,-133.497,4.0,6.137181110871782
1608,50.0,-10.0,2.1013325752717154,2.0,5.841,-107.724,4.0,4.202665150543431
1609,50.0,-10.0,2.7709719721719117,2.355326176346125,174.11,-102.969,4.0,6.5265428199779505
1610,50.0,-10.0,2.584937122870143,2.1971965544396217,104.102,-141.053,4.0,5.679614939813347
1611,50.0,-10.0,2.7215111169965622,2.3132844494470777,194.247,-56.434,4.0,6.2956293459454935
1612,50.0,-10.0,2.753317135897079,2.340319565512517,180.232,-91.833,4.0,6.443641963200819
1613,50.0,-10.0,2.7284868790847643,2.3192138472220494,190.321,-68.52,4.0,6.327944551937059
1614,50.0,-10.0,2.739117339489351,2.3282497385659484,185.643,-80.335,4.0,6.377349229567538
1615,50.0,-10.0,2.5481529173696815,2.165929979764229,188.794,0.0,4.0,5.519120796754676
1616,50.0,-10.0,2.163639156983477,2.0,134.016,63.591,4.0,4.327278313966954
1617,50.0,-10.0,2.045767150228556,2.0,115.221,70.067,4.0,4.091534300457112
1618,50.0,-10.0,2.4124258533049017,2.0505619753091664,172.252,32.592,4.0,4.9468287230398005
1619,50.0,-10.0,2.2725453975411254,2.0,39.329,-128.99,4.0,4.545090795082251
1620,50.0,-10.0,2.655626519386243,2.2572825414783066,141.943,-124.48,4.0,5.994499378897369
1621,50.0,-10.0,2.279798938926918,2.0,153.903,50.006,4.0,4.559597877853836
1622,50.0,-10.0,2.150336995657396,2.0,27.007,-118.325,4.0,4.300673991314792
1623,50.0,-10.0,2.3742192742048545,2.018086383074126,58.144,-136.468,4.0,4.791379587704951
1624,50.0,-10.0,2.537738842048639,2.157078015741343,188.39,-12.348,4.0,5.474100665876012
1625,50.0,-10.0,2.455829419334654,2.087455006434456,84.552,-137.977,4.0,5.126433416339147
1626,50.0,-10.0,2.0252544401193773,2.0,17.453,-106.461,4.0,4.0505088802387545
1627,50.0,-10.0,2.5419382057161344,2.160647474858714,114.352,-132.879,4.0,5.492232365427457
1628,50.0,-10.0,2.119912487346558,2.0,138.699,52.601,4.0,4.239824974693116
1629,50.0,-10.0,2.6271668029049806,2.2330917824692333,149.78,-114.93,4.0,5.86670459874308
1630,50.0,-10.0,2.531416349739227,2.151703897278343,187.179,-24.643,4.0,5.446858425368012
1631,50.0,-10.0,2.3876716613293394,2.0295209121299385,174.206,19.628,4.0,4.845829567967926
1632,50.0,-10.0,2.2450502582194867,2.0,157.352,37.777,4.0,4.490100516438973
1633,50.0,-10.0,2.2083549177877373,2.0,50.896,-124.879,4.0,4.416709835575475
1634,50.0,-10.0,2.6019313263746087,2.2116416274184174,156.976,-104.888,4.0,5.754539633094101
1635,50.0,-10.0,2.319418109413763,2.0,68.936,-131.347,4.0,4.638836218827526
1636,50.0,-10.0,2.079225320199732,2.0,38.654,-115.048,4.0,4.158450640399464
1637,50.0,-10.0,2.529248957724223,2.1498616140655895,185.166,-36.832,4.0,5.437535246626708
1638,50.0,-10.0,2.502028421987432,2.126724158689317,123.962,-123.962,4.0,5.3211242907679805
1639,50.0,-10.0,2.580151586966008,2.193128848921107,163.5,-94.397,4.0,5.658604879964729
1640,50.0,-10.0,2.406852084966559,2.045824272221575,95.117,-130.918,4.0,4.9239964150716915
1641,50.0,-10.0,2.0803865235660584,2.0,142.481,41.27,4.0,4.160773047132117
1642,50.0,-10.0,2.531277905854049,2.1515862199759415,182.361,-48.863,4.0,5.44626266116513
1643,50.0,-10.0,2.3678625833802807,2.0126831958732385,175.186,6.555,4.0,4.765757231706486
1644,50.0,-10.0,2.2151654918478165,2.0,159.831,25.315,4.0,4.430330983695633
1645,50.0,-10.0,2.562029647964577,2.17772520076989,169.324,-83.501,4.0,5.57939652949207
1646,50.0,-10.0,2.5374741183602945,2.15685300060625,178.775,-60.686,4.0,5.4729586661461
1647,50.0,-10.0,2.5477565815234717,2.165593094294951,174.423,-72.248,4.0,5.517404058891741
1648,50.0,-10.0,2.1454970532653888,2.0,62.041,-119.734,4.0,4.2909941065307775
1649,50.0,-10.0,2.266446728341473,2.0,79.282,-125.374,4.0,4.532893456682946
1650,50.0,-10.0,2.465642150794198,2.0957958281750684,132.879,-114.352,4.0,5.167482533407083
1651,50.0,-10.0,2.008778479225176,2.0,49.917,-110.627,4.0,4.017556958450352
1652,50.0,-10.0,2.0456993991961125,2.0,145.34,29.671,4.0,4.091398798392225
1653,50.0,-10.0,2.3532674963381943,2.000277371887465,175.186,-6.555,4.0,4.707187722923558
1654,50.0,-10.0,2.190612538949696,2.0,161.325,12.697,4.0,4.381225077899392
1655,50.0,-10.0,2.3606689558608114,2.0065686124816895,105.096,-123.051,4.0,4.736844231290227
1656,50.0,-10.0,2.215843860200607,2.0,89.113,-118.588,4.0,4.431687720401214
1657,50.0,-10.0,2.433189488773051,2.0682110654570933,141.053,-104.102,4.0,5.032349425034312
1658,50.0,-10.0,2.0846701845191076,2.0,72.672,-113.596,4.0,4.169340369038215
1659,50.0,-10.0,2.344100469789513,2.0,174.206,-19.628,4.0,4.688200939579026
1660,50.0,-10.0,2.171769427264699,2.0,161.823,0.0,4.0,4.343538854529398
1661,50.0,-10.0,2.0164387794761907,2.0,147.257,17.88,4.0,4.032877558952381
1662,50.0,-10.0,2.3178119206106356,2.0,114.426,-114.426,4.0,4.635623841221271
1663,50.0,-10.0,2.340507452936643,2.0,172.252,-32.592,4.0,4.681014905873286
1664,50.0,-10.0,2.4050736322444024,2.044312587407742,148.438,-93.27,4.0,4.916722300039691
1665,50.0,-10.0,2.1681835545687886,2.0,98.366,-111.033,4.0,4.336367109137577
1666,50.0,-10.0,2.1590073024408833,2.0,161.325,-12.697,4.0,4.318014604881767
1667,50.0,-10.0,2.342541220569545,2.0,169.335,-45.373,4.0,4.68508244113909
1668,50.0,-10.0,2.3816583445150195,2.0244095928377663,154.993,-81.916,4.0,4.821451999498319
1669,50.0,-10.0,2.026687699267082,2.0,82.701,-106.517,4.0,4.053375398534164
1670,50.0,-10.0,2.2788152882708688,2.0,123.051,-105.096,4.0,4.5576305765417375
1671,50.0,-10.0,2.3501712195759588,2.0,165.471,-57.901,4.0,4.7003424391519175
1672,50.0,-10.0,2.3632717822434524,2.0087810149069343,160.681,-70.105,4.0,4.747295489235921
1673,50.0,-10.0,2.1525108585951984,2.0,159.831,-25.315,4.0,4.305021717190397
1674,50.0,-10.0,2.124059919133103,2.0,106.982,-102.757,4.0,4.248119838266206
1675,50.0,-10.0,2.2441881817322495,2.0,130.918,-95.117,4.0,4.488376363464499
1676,50.0,-10.0,2.1524234834825196,2.0,157.352,-37.777,4.0,4.304846966965039
1677,50.0,-10.0,2.21443452442891,2.0,137.977,-84.552,4.0,4.42886904885782
1678,50.0,-10.0,2.158742260676857,2.0,153.903,-50.006,4.0,4.317484521353714
1679,50.0,-10.0,2.084100457496055,2.0,114.903,-93.816,4.0,4.16820091499211
1680,50.0,-10.0,2.190028744203073,2.0,144.186,-73.466,4.0,4.380057488406146
1681,50.0,-10.0,2.171350068375599,2.0,149.505,-61.927,4.0,4.342700136751198
1682,50.0,-10.0,2.0489130997323475,2.0,122.08,-84.266,4.0,4.097826199464695
1683,50.0,-10.0,2.0190791697632657,2.0,128.465,-74.169,4.0,4.0381583395265315
